Plot,Tree,Spec,dbh1,dbh3,dbh4,hc1,hc3,hc4,dead,deadPeriod
MRS11,1,ABLA,NA,20.7,22.3,NA,2,1,0,0
MRS11,2,ABLA,NA,22.6,,NA,1,,1,1
MRS11,3,ABLA,NA,28.4,30.7,NA,1,1,0,0
MRS11,4,PIEN,NA,37,38,NA,1,1,0,0
MRS11,5,ABLA,NA,12.5,13.5,NA,2,2,0,0
MRS11,6,ABLA,NA,8.5,9,NA,2,2,0,0
MRS11,7,ABLA,NA,13.9,14.7,NA,2,2,0,0
MRS11,8,PIEN,NA,15.8,17.2,NA,2,2,0,0
MRS11,9,PIEN,NA,36.5,26.4,NA,1,1,0,0
MRS11,10,ABLA,NA,5.5,6,NA,3,3,0,0
MRS11,11,PIEN,NA,19.9,19.5,NA,2,2,1,11
MRS11,12,PIEN,NA,46.7,47.7,NA,1,1,0,0
MRS11,13,PIEN,NA,43.5,43.9,NA,1,1,0,0
MRS11,14,PIEN,NA,4.8,5,NA,3,3,0,0
MRS11,15,PIEN,NA,8.6,8.9,NA,3,3,0,0
MRS11,16,ABLA,NA,19.3,20,NA,1,1,0,0
MRS11,17,PIEN,NA,20.4,21.8,NA,1,1,0,0
MRS11,18,PIEN,NA,13,14.5,NA,1,1,0,0
MRS11,19,ABLA,NA,22,22.7,NA,1,1,0,0
MRS11,20,ABLA,NA,17.5,,NA,1,,1,1
MRS11,21,ABLA,NA,25.4,,NA,1,,1,1
MRS11,22,ABLA,NA,24.5,,NA,1,,1,1
MRS11,23,ABLA,NA,12.6,,NA,2,,1,1
MRS11,24,ABLA,NA,27.7,,NA,1,,1,1
MRS11,25,ABLA,NA,23.3,24.6,NA,1,1,0,0
MRS11,26,ABLA,NA,17.1,,NA,2,,1,1
MRS11,27,ABLA,NA,13.8,,NA,2,,1,1
MRS11,28,ABLA,NA,33.4,35.2,NA,1,1,0,0
MRS11,29,PIEN,NA,69,68.8,NA,1,1,0,0
MRS11,30,ABLA,NA,10,10.3,NA,3,3,0,0
MRS11,31,PIEN,NA,27.8,28.8,NA,1,1,0,0
MRS11,32,ABLA,NA,19,19,NA,1,1,1,11
MRS11,33,ABLA,NA,4.3,,NA,3,,1,1
MRS11,34,ABLA,NA,10.6,10.7,NA,2,2,0,0
MRS11,35,ABLA,NA,8,8.2,NA,2,2,0,0
MRS11,36,ABLA,NA,4.7,5.6,NA,3,3,0,0
MRS11,37,ABLA,NA,4.4,,NA,3,,1,1
MRS11,38,ABLA,NA,12.5,,NA,2,,1,1
MRS11,39,ABLA,NA,21.9,,NA,1,,1,1
MRS11,40,ABLA,NA,21,,NA,1,,1,1
MRS11,41,ABLA,NA,8.3,,NA,2,,1,10
MRS11,42,PIEN,NA,22.1,23.1,NA,1,1,0,0
MRS11,43,ABLA,NA,14.4,,NA,2,,1,1
MRS11,44,ABLA,NA,16.5,,NA,2,,1,1
MRS11,45,ABLA,NA,6.3,,NA,3,,1,1
MRS11,46,ABLA,NA,21.1,22.1,NA,1,1,0,0
MRS11,47,PIEN,NA,15.2,15.8,NA,2,2,0,0
MRS11,48,ABLA,NA,17.9,18.5,NA,2,2,0,0
MRS11,49,PIEN,NA,17.4,21,NA,2,2,0,0
MRS11,50,PIEN,NA,33,34.5,NA,1,1,0,0
MRS11,51,ABLA,NA,18.5,19.3,NA,2,2,0,0
MRS11,52,PIEN,NA,27.5,27.6,NA,1,1,0,0
MRS11,53,ABLA,NA,33.6,,NA,1,,1,1
MRS11,54,PIEN,NA,6.7,7.3,NA,3,3,0,0
MRS11,55,ABLA,NA,17.7,19.5,NA,2,2,0,0
MRS11,56,ABLA,NA,6.3,7.1,NA,3,3,0,0
MRS11,57,ABLA,NA,4.8,4.8,NA,3,3,0,0
MRS11,58,PIEN,NA,12.2,13.3,NA,2,2,0,0
MRS11,59,ABLA,NA,34.7,,NA,1,,1,1
MRS11,60,ABLA,NA,28,29.9,NA,1,1,0,0
MRS11,61,ABLA,NA,17.7,,NA,2,,1,10
MRS11,62,ABLA,NA,24.5,26.4,NA,1,1,1,11
MRS11,63,ABLA,NA,4.7,,NA,3,,1,1
MRS11,64,ABLA,NA,20.2,,NA,2,,1,1
MRS11,65,PIEN,NA,31.7,33.2,NA,1,1,0,0
MRS11,66,ABLA,NA,40.2,,NA,1,,1,1
MRS11,67,ABLA,NA,12.7,,NA,2,,1,1
MRS11,68,PIEN,NA,13.3,14,NA,2,2,0,0
MRS11,69,PIEN,NA,30.3,30,NA,1,1,0,0
MRS11,70,PIEN,NA,27,28.4,NA,1,1,0,0
MRS11,71,ABLA,NA,13,13.8,NA,2,2,0,0
MRS11,72,PIEN,NA,26.2,26.7,NA,1,1,0,0
MRS11,73,PIEN,NA,29.4,29.2,NA,1,1,0,0
MRS11,74,PIEN,NA,20.9,22.3,NA,1,1,0,0
MRS11,75,PIEN,NA,20.8,22,NA,1,1,0,0
MRS11,76,ABLA,NA,21.1,22.1,NA,1,1,0,0
MRS11,77,PIEN,NA,23.9,24.3,NA,1,1,0,0
MRS11,78,ABLA,NA,11.3,12.3,NA,2,2,0,0
MRS11,79,ABLA,NA,19.2,21.5,NA,1,1,0,0
MRS11,80,ABLA,NA,21,,NA,2,,1,1
MRS11,81,ABLA,NA,9,,NA,2,,1,1
MRS11,82,ABLA,NA,21.9,,NA,1,,1,1
MRS11,83,ABLA,NA,25,,NA,1,,1,1
MRS11,84,ABLA,NA,19.5,,NA,1,,1,1
MRS11,85,ABLA,NA,10.1,,NA,2,,1,1
MRS11,86,ABLA,NA,13.9,,NA,2,,1,1
MRS11,87,ABLA,NA,4.4,,NA,3,,1,1
MRS11,88,PIEN,NA,6.5,8.1,NA,3,3,0,0
MRS11,89,PIEN,NA,8.9,10.9,NA,2,2,0,0
MRS11,90,ABLA,NA,43.5,,NA,1,,1,1
MRS11,91,ABLA,NA,48.5,46.2,NA,1,1,0,0
MRS11,92,PIEN,NA,71.7,,NA,3,,1,1
MRS11,93,ABLA,NA,22.5,,NA,1,,1,1
MRS11,94,ABLA,NA,9,,NA,3,,1,1
MRS11,95,ABLA,NA,23.9,,NA,1,,1,1
MRS11,96,ABLA,NA,6.4,,NA,3,,1,1
MRS11,97,ABLA,NA,13.6,,NA,2,,1,1
MRS11,98,ABLA,NA,9.2,,NA,3,,1,1
MRS11,99,ABLA,NA,25.9,,NA,1,,1,1
MRS11,100,ABLA,NA,7.3,,NA,3,,1,1
MRS11,101,ABLA,NA,31.8,,NA,1,,1,1
MRS11,102,ABLA,NA,32,,NA,1,,1,1
MRS11,103,ABLA,NA,17,17.5,NA,2,2,0,0
MRS11,104,ABLA,NA,8.5,9.6,NA,3,3,0,0
MRS11,105,ABLA,NA,16,16.7,NA,2,2,0,0
MRS11,106,ABLA,NA,14.5,,NA,2,,1,1
MRS11,107,ABLA,NA,14.1,,NA,2,,1,1
MRS11,108,ABLA,NA,21.5,,NA,1,,1,1
MRS11,109,ABLA,NA,9,,NA,3,,1,1
MRS11,110,ABLA,NA,22.8,25.6,NA,2,2,0,0
MRS11,111,ABLA,NA,31.5,,NA,1,,1,1
MRS11,112,ABLA,NA,7.1,8.8,NA,3,3,0,0
MRS11,113,ABLA,NA,25.9,,NA,1,,1,1
MRS11,114,ABLA,NA,28.9,,NA,1,,1,1
MRS11,115,ABLA,NA,24.2,,NA,2,,1,1
MRS11,116,PIEN,NA,11.7,14.3,NA,2,2,0,0
MRS11,117,ABLA,NA,5.9,,NA,3,,1,1
MRS11,118,ABLA,NA,15.7,,NA,1,,1,1
MRS11,119,ABLA,NA,5.7,,NA,3,,1,1
MRS11,120,ABLA,NA,20.2,,NA,2,,1,1
MRS11,121,ABLA,NA,23,,NA,1,,1,10
MRS11,122,ABLA,NA,15.8,,NA,2,,1,1
MRS11,123,ABLA,NA,26,,NA,3,,1,1
MRS11,124,ABLA,NA,31.8,24.6,NA,2,2,0,0
MRS11,125,ABLA,NA,25.6,26.5,NA,1,1,0,0
MRS11,126,ABLA,NA,31.8,33.7,NA,1,1,0,0
MRS11,127,ABLA,NA,25.6,28.1,NA,1,1,0,0
MRS11,128,PIEN,NA,31.4,32,NA,1,1,0,0
MRS11,129,ABLA,NA,6.6,8.1,NA,3,3,0,0
MRS11,130,ABLA,NA,7.4,7.8,NA,3,3,0,0
MRS11,131,ABLA,NA,4.2,,NA,3,,1,1
MRS11,132,ABLA,NA,19.9,,NA,1,,1,1
MRS11,133,ABLA,NA,8.7,,NA,2,,1,1
MRS11,134,ABLA,NA,19,,NA,2,,1,1
MRS11,135,ABLA,NA,7.1,,NA,3,,1,1
MRS11,136,ABLA,NA,23.3,,NA,1,,1,1
MRS11,137,ABLA,NA,13.2,,NA,2,,1,1
MRS11,138,ABLA,NA,6,,NA,3,,1,1
MRS11,139,ABLA,NA,11.2,,NA,3,,1,1
MRS11,140,ABLA,NA,6.5,,NA,3,,1,1
MRS11,141,ABLA,NA,7.7,,NA,2,,1,1
MRS11,142,ABLA,NA,5.9,,NA,3,,1,1
MRS11,143,ABLA,NA,10.5,,NA,2,,1,1
MRS11,144,ABLA,NA,16.5,,NA,2,,1,1
MRS11,145,ABLA,NA,19.1,,NA,1,,1,1
MRS11,146,ABLA,NA,8.9,,NA,3,,1,1
MRS11,147,ABLA,NA,11.9,,NA,2,,1,1
MRS11,148,ABLA,NA,10.3,10.9,NA,2,2,0,0
MRS11,149,PIEN,NA,24,26.5,NA,1,1,0,0
MRS11,150,ABLA,NA,4,4.5,NA,3,3,0,0
MRS11,151,PIEN,NA,25.5,26.9,NA,1,1,0,0
MRS11,152,ABLA,NA,19.8,20.7,NA,1,1,0,0
MRS11,153,ABLA,NA,6,6.9,NA,3,3,0,0
MRS11,154,PIEN,NA,4.9,5.1,NA,3,3,0,0
MRS11,155,ABLA,NA,7.3,7.6,NA,2,3,0,0
MRS11,156,PIEN,NA,6.9,7.2,NA,3,3,0,0
MRS11,157,ABLA,NA,24.5,,NA,1,,1,1
MRS11,158,PIEN,NA,11.5,11.9,NA,2,2,0,0
MRS11,159,PIEN,NA,18.4,20.5,NA,2,2,0,0
MRS11,160,ABLA,NA,21.1,,NA,2,,1,1
MRS11,161,ABLA,NA,18.6,,NA,1,,1,1
MRS11,162,ABLA,NA,23,,NA,1,,1,1
MRS11,163,ABLA,NA,8.5,8.4,NA,3,3,0,0
MRS11,164,ABLA,NA,17.4,18.7,NA,1,1,0,0
MRS11,165,ABLA,NA,20.2,,NA,2,,1,1
MRS11,166,ABLA,NA,21.4,22.5,NA,1,1,0,0
MRS11,167,ABLA,NA,12.7,,NA,2,,1,1
MRS11,168,ABLA,NA,15,,NA,2,,1,1
MRS11,169,ABLA,NA,33.4,,NA,1,,1,1
MRS11,170,ABLA,NA,17,18.1,NA,2,2,0,0
MRS11,171,ABLA,NA,10.8,,NA,2,,1,1
MRS11,172,ABLA,NA,16.3,,NA,2,,1,1
MRS11,173,ABLA,NA,11.9,,NA,3,,1,1
MRS11,174,ABLA,NA,12,,NA,3,,1,1
MRS11,175,ABLA,NA,15.7,,NA,2,,1,1
MRS11,176,ABLA,NA,32.3,33.6,NA,1,1,0,0
MRS11,177,ABLA,NA,35.5,MIA,NA,2,,0,0
MRS11,178,PIEN,NA,18,19.2,NA,2,2,0,0
MRS11,179,ABLA,NA,15,15.7,NA,2,1,0,0
MRS11,180,PIEN,NA,12.5,12.4,NA,2,2,0,0
MRS11,181,ABLA,NA,10.6,10.5,NA,2,2,0,0
MRS11,182,ABLA,NA,6.5,7.8,NA,3,3,0,0
MRS11,183,PIEN,NA,11.1,11.4,NA,2,2,0,0
MRS11,184,ABLA,NA,5.9,6.3,NA,3,3,0,0
MRS11,185,ABLA,NA,24.8,21.7,NA,1,1,0,0
MRS11,186,ABLA,NA,12.5,,NA,2,,1,1
MRS11,187,ABLA,NA,7.8,,NA,2,,1,1
MRS11,188,ABLA,NA,6,,NA,2,,1,1
MRS11,189,ABLA,NA,18.4,,NA,2,,1,1
MRS11,190,ABLA,NA,21.6,,NA,1,,1,1
MRS11,191,ABLA,NA,4,,NA,3,,1,1
MRS11,192,ABLA,NA,5,,NA,3,,1,1
MRS11,193,ABLA,NA,15.4,,NA,2,,1,1
MRS11,194,ABLA,NA,6,6.6,NA,3,3,0,0
MRS11,195,ABLA,NA,5.2,,NA,3,,1,1
MRS11,196,ABLA,NA,19.5,19.8,NA,2,2,1,11
MRS11,197,PIEN,NA,21.8,23,NA,1,1,0,0
MRS11,198,ABLA,NA,7.7,,NA,3,,1,10
MRS11,199,ABLA,NA,8.3,,NA,3,,1,1
MRS11,200,ABLA,NA,25.3,25.9,NA,2,1,0,0
MRS11,201,ABLA,NA,12.8,,NA,2,,1,1
MRS11,202,ABLA,NA,9.7,,NA,2,,1,1
MRS11,203,ABLA,NA,22.7,20.4,NA,1,1,0,0
MRS11,204,ABLA,NA,23,23.9,NA,1,1,0,0
MRS11,205,ABLA,NA,16.7,18.5,NA,2,2,1,11
MRS11,206,ABLA,NA,20,20,NA,1,1,0,0
MRS11,207,ABLA,NA,7.1,7.5,NA,3,3,0,0
MRS11,208,ABLA,NA,19.3,20.8,NA,1,1,0,0
MRS11,209,ABLA,NA,27.5,29.4,NA,1,1,0,0
MRS11,210,ABLA,NA,9.7,10,NA,3,3,0,0
MRS11,211,ABLA,NA,11,,NA,3,,1,1
MRS11,212,ABLA,NA,24.8,26.6,NA,1,1,0,0
MRS11,213,UNK,NA,7.9,,NA,3,,1,1
MRS11,214,ABLA,NA,24.9,27,NA,1,1,0,0
MRS11,215,PIEN,NA,27.5,30.1,NA,1,1,0,0
MRS11,216,ABLA,NA,10.1,9.9,NA,3,3,0,0
MRS11,217,ABLA,NA,12.1,,NA,2,,1,1
MRS11,218,ABLA,NA,12.9,13.8,NA,3,3,0,0
MRS11,219,ABLA,NA,12.6,14,NA,2,2,0,0
MRS11,220,ABLA,NA,13.5,16,NA,2,2,0,0
MRS11,221,PIEN,NA,45,46.7,NA,1,1,0,0
MRS11,222,ABLA,NA,7.2,8.3,NA,2,2,0,0
MRS11,223,PIEN,NA,9,10.8,NA,2,2,0,0
MRS11,224,PIEN,NA,5,7.3,NA,3,3,0,0
MRS11,225,ABLA,NA,19.7,15.6,NA,2,2,0,0
MRS11,226,PIEN,NA,23.9,23.9,NA,1,1,0,0
MRS11,227,PIEN,NA,5,5.7,NA,3,3,0,0
MRS11,228,ABLA,NA,4.5,5.1,NA,3,3,0,0
MRS11,229,PIEN,NA,6.9,8,NA,3,3,0,0
MRS11,230,PIEN,NA,13.3,13.7,NA,2,2,0,0
MRS11,231,PIEN,NA,4.1,4.4,NA,3,3,0,0
MRS11,232,ABLA,NA,8.2,,NA,2,,1,1
MRS11,233,ABLA,NA,18,,NA,2,,1,1
MRS11,234,PIEN,NA,15.2,16.9,NA,2,2,0,0
MRS11,235,ABLA,NA,9.6,,NA,2,,1,1
MRS11,236,ABLA,NA,11.2,,NA,2,,1,1
MRS11,237,ABLA,NA,10.9,,NA,2,,1,1
MRS11,238,ABLA,NA,16.7,,NA,2,,1,1
MRS11,239,ABLA,NA,6.1,,NA,3,,1,1
MRS11,240,ABLA,NA,15.1,,NA,2,,1,1
MRS11,241,PIEN,NA,,,NA,,,0,0
MRS11,242,ABLA,NA,10.9,,NA,2,,1,10
MRS11,243,ABLA,NA,5,,NA,3,,1,1
MRS11,244,ABLA,NA,4.8,,NA,3,,1,1
MRS11,245,ABLA,NA,6.9,,NA,3,,1,10
MRS11,246,ABLA,NA,5.7,6.3,NA,3,3,0,0
MRS11,247,ABLA,NA,6.4,6.5,NA,3,3,0,0
MRS11,248,ABLA,NA,10,10.4,NA,3,3,0,0
MRS11,249,ABLA,NA,4.1,,NA,3,,1,1
MRS11,250,ABLA,NA,6.5,6.8,NA,3,3,0,0
MRS11,251,PIEN,NA,6.1,6.5,NA,3,3,0,0
MRS11,252,ABLA,NA,5.1,5.1,NA,3,3,1,11
MRS11,253,ABLA,NA,9.4,10.2,NA,3,2,1,11
MRS11,254,ABLA,NA,13.6,13.5,NA,2,2,1,11
MRS11,255,PIEN,NA,8.3,8.9,NA,3,3,0,0
MRS11,256,ABLA,NA,13,12.8,NA,3,2,1,11
MRS11,257,ABLA,NA,9,9.4,NA,3,3,0,0
MRS11,258,ABLA,NA,23.9,24.5,NA,3,1,1,11
MRS11,259,ABLA,NA,29.6,29.8,NA,3,1,1,11
MRS11,260,ABLA,NA,17.5,18.3,NA,2,2,0,0
MRS11,261,ABLA,NA,7.4,7.5,NA,3,3,0,0
MRS11,262,ABLA,NA,17.5,18,NA,2,2,0,0
MRS11,263,ABLA,NA,7,7,NA,3,3,1,11
MRS11,264,ABLA,NA,6.5,,NA,3,,1,1
MRS11,265,ABLA,NA,8,,NA,3,,1,10
MRS11,266,ABLA,NA,20.8,21,NA,2,2,0,0
MRS11,267,ABLA,NA,19.1,19.9,NA,2,2,0,0
MRS11,268,ABLA,NA,20.7,22.1,NA,2,2,0,0
MRS11,269,ABLA,NA,18.5,18.9,NA,2,2,0,0
MRS11,270,ABLA,NA,22,22.8,NA,2,2,0,0
MRS11,271,ABLA,NA,19.4,20.4,NA,2,2,0,0
MRS11,272,ABLA,NA,7,7.5,NA,3,3,0,0
MRS11,273,PIEN,NA,29,31.7,NA,1,1,0,0
MRS11,274,ABLA,NA,32.6,34.3,NA,1,1,0,0
MRS11,275,PIEN,NA,8.4,8.7,NA,3,3,0,0
MRS11,276,PIEN,NA,6.4,7,NA,3,3,0,0
MRS11,277,ABLA,NA,6.5,8.1,NA,3,3,0,0
MRS11,278,ABLA,NA,4,4.7,NA,3,3,0,0
MRS11,279,PIEN,NA,4.4,5.4,NA,3,3,0,0
MRS11,280,ABLA,NA,4,4.4,NA,3,3,0,0
MRS11,281,PIEN,NA,67.1,,NA,1,,1,1
MRS11,282,PIEN,NA,16.4,16.6,NA,1,1,0,0
MRS11,283,PIEN,NA,33.9,35,NA,1,1,0,0
MRS11,284,ABLA,NA,5.9,6,NA,3,3,0,0
MRS11,285,PIEN,NA,9,9.2,NA,2,2,0,0
MRS11,286,PIEN,NA,20.9,21.1,NA,2,2,0,0
MRS11,287,PIEN,NA,8.1,8.5,NA,2,2,0,0
MRS11,288,ABLA,NA,20.5,20.7,NA,2,1,0,0
MRS11,289,PIEN,NA,10.8,11.6,NA,2,2,0,0
MRS11,290,ABLA,NA,12.6,,NA,2,,1,1
MRS11,291,ABLA,NA,6.2,,NA,3,,1,1
MRS11,292,ABLA,NA,10.8,,NA,2,,1,1
MRS11,293,ABLA,NA,11.6,,NA,2,,1,1
MRS11,294,ABLA,NA,9.5,,NA,3,,1,1
MRS11,295,ABLA,NA,12,,NA,2,,1,1
MRS11,296,ABLA,NA,8.5,,NA,2,,1,1
MRS11,297,PIEN,NA,22.6,23,NA,2,2,0,0
MRS11,298,ABLA,NA,6.7,,NA,2,,1,1
MRS11,299,ABLA,NA,9.1,9.7,NA,2,2,0,0
MRS11,300,ABLA,NA,6.5,,NA,3,,1,1
MRS11,301,ABLA,NA,11.2,,NA,3,,1,1
MRS11,302,ABLA,NA,13.1,,NA,3,,1,1
MRS11,303,ABLA,NA,13.5,,NA,3,,1,1
MRS11,304,ABLA,NA,4.9,,NA,3,,1,1
MRS11,305,ABLA,NA,6.6,7.2,NA,2,2,1,11
MRS11,306,ABLA,NA,12.7,13.3,NA,2,2,0,0
MRS11,307,ABLA,NA,5,,NA,3,,1,1
MRS11,308,ABLA,NA,9.2,10.7,NA,2,2,0,0
MRS11,309,ABLA,NA,8.4,8.4,NA,2,2,1,11
MRS11,310,PIEN,NA,40,40.5,NA,1,1,0,0
MRS11,311,ABLA,NA,4.4,5.1,NA,3,3,0,0
MRS11,312,ABLA,NA,6.8,,NA,3,,1,1
MRS11,313,ABLA,NA,18.2,,NA,2,,1,10
MRS11,314,ABLA,NA,4.9,4.6,NA,3,3,1,11
MRS11,315,ABLA,NA,13.8,14.4,NA,2,2,1,11
MRS11,316,ABLA,NA,7.5,7,NA,3,3,1,11
MRS11,317,ABLA,NA,12.3,,NA,2,,1,10
MRS11,318,PIEN,NA,17.2,17.8,NA,2,2,0,0
MRS11,319,ABLA,NA,4.6,,NA,3,,1,1
MRS11,320,ABLA,NA,22.3,23,NA,1,1,0,0
MRS11,321,ABLA,NA,10.8,,NA,2,,1,1
MRS11,322,ABLA,NA,26.9,27,NA,1,1,1,11
MRS11,323,ABLA,NA,6.7,,NA,,,1,1
MRS11,324,ABLA,NA,15.1,16,NA,2,2,1,11
MRS11,325,ABLA,NA,15,15.3,NA,2,2,1,11
MRS11,326,ABLA,NA,10.5,10.9,NA,3,3,0,0
MRS11,327,ABLA,NA,6.6,,NA,,,1,1
MRS11,328,ABLA,NA,5.4,,NA,,,1,1
MRS11,329,ABLA,NA,19.6,,NA,2,,1,1
MRS11,330,PIEN,NA,55,55.1,NA,1,1,0,0
MRS11,331,ABLA,NA,15.9,17.5,NA,2,2,0,0
MRS11,332,ABLA,NA,28.6,30.6,NA,1,1,0,0
MRS11,333,PIEN,NA,65.5,,NA,1,,1,1
MRS11,334,PIEN,NA,17,17.3,NA,2,2,0,0
MRS11,335,PIEN,NA,7,,NA,3,,1,10
MRS11,336,PIEN,NA,15.8,,NA,2,,1,10
MRS11,337,PIEN,NA,6.4,,NA,3,,1,1
MRS11,338,PIEN,NA,45.2,,NA,1,,1,1
MRS11,339,ABLA,NA,18.3,18.9,NA,2,2,0,0
MRS11,340,ABLA,NA,24,25.3,NA,2,2,0,0
MRS11,341,ABLA,NA,21,22.1,NA,2,1,0,0
MRS11,342,ABLA,NA,15.6,17.2,NA,2,1,0,0
MRS11,343,ABLA,NA,4.2,4.6,NA,3,2,0,0
MRS11,344,PIEN,NA,11.5,11.8,NA,2,2,0,0
MRS11,345,PIEN,NA,21,22.3,NA,1,1,0,0
MRS11,346,PIEN,NA,17.8,18.5,NA,2,2,0,0
MRS11,347,PIEN,NA,18.3,19.1,NA,2,2,0,0
MRS11,348,PIEN,NA,23.3,24.4,NA,1,1,0,0
MRS11,349,PIEN,NA,15.4,16.9,NA,1,1,0,0
MRS11,350,PIEN,NA,15.6,,NA,2,,1,1
MRS11,351,PIEN,NA,14.6,16.4,NA,2,2,0,0
MRS11,352,PIEN,NA,9,10,NA,2,2,0,0
MRS11,353,ABLA,NA,45.8,,NA,1,,1,1
MRS11,354,ABLA,NA,4.6,5.2,NA,3,3,0,0
MRS11,355,ABLA,NA,20.2,,NA,2,,1,1
MRS11,356,ABLA,NA,10.4,11.6,NA,2,2,0,0
MRS11,357,ABLA,NA,14.6,,NA,2,,1,1
MRS11,358,ABLA,NA,5.7,,NA,3,,1,1
MRS11,359,ABLA,NA,9,,NA,2,,1,1
MRS11,360,ABLA,NA,10.6,11.5,NA,2,2,1,11
MRS11,361,PIEN,NA,20.4,21.5,NA,1,1,0,0
MRS11,362,ABLA,NA,9.2,9.5,NA,2,2,0,0
MRS11,363,ABLA,NA,11.9,,NA,1,,1,1
MRS11,364,ABLA,NA,31.5,,NA,1,,1,1
MRS11,365,PIEN,NA,24.7,26.9,NA,1,1,0,0
MRS11,366,ABLA,NA,7,7.3,NA,3,3,0,0
MRS11,367,ABLA,NA,6.5,,NA,,,1,1
MRS11,368,PIEN,NA,28.5,30.1,NA,1,1,0,0
MRS11,369,PIEN,NA,8.1,8.2,NA,3,3,0,0
MRS11,370,PIEN,NA,32.8,34.4,NA,1,1,0,0
MRS11,371,PIEN,NA,29.4,31.7,NA,1,1,0,0
MRS11,372,ABLA,NA,10.7,,NA,2,,1,1
MRS11,373,ABLA,NA,14.8,,NA,2,,1,1
MRS11,374,ABLA,NA,9.7,,NA,2,,1,1
MRS11,375,ABLA,NA,26.8,,NA,1,,1,1
MRS11,376,ABLA,NA,25.4,,NA,1,,1,1
MRS11,377,ABLA,NA,7.5,8,NA,3,3,0,0
MRS11,378,ABLA,NA,25,26.1,NA,1,1,0,0
MRS11,379,ABLA,NA,24.3,26.7,NA,1,1,0,0
MRS11,380,ABLA,NA,4.1,5.6,NA,3,3,0,0
MRS11,381,PIEN,NA,71,,NA,1,,1,1
MRS11,382,PIEN,NA,54.4,,NA,2,,1,1
MRS11,383,PIEN,NA,28.5,30.3,NA,1,1,0,0
MRS11,384,ABLA,NA,20,21.2,NA,2,2,0,0
MRS11,385,ABLA,NA,5.4,6.5,NA,3,3,0,0
MRS11,386,PIEN,NA,18.3,20,NA,2,1,0,0
MRS11,387,ABLA,NA,7,7.3,NA,3,3,0,0
MRS11,388,PIEN,NA,13.8,15.2,NA,2,2,0,0
MRS11,389,ABLA,NA,18.2,,NA,2,,1,1
MRS11,390,PIEN,NA,11.6,12.4,NA,2,2,0,0
MRS11,391,PIEN,NA,23,24,NA,2,1,0,0
MRS11,392,ABLA,NA,7.8,7.8,NA,3,3,0,0
MRS11,393,ABLA,NA,5.2,5.5,NA,3,3,0,0
MRS11,394,ABLA,NA,12.5,12.9,NA,2,2,0,0
MRS11,395,ABLA,NA,11.3,12.5,NA,2,2,0,0
MRS11,396,ABLA,NA,11,,NA,3,,1,1
MRS11,397,ABLA,NA,4.3,,NA,3,,1,1
MRS11,398,ABLA,NA,10.9,14.2,NA,2,2,0,0
MRS11,399,PIEN,NA,35.3,34.9,NA,1,1,0,0
MRS11,400,ABLA,NA,12.8,13.9,NA,2,2,0,0
MRS11,401,ABLA,NA,15,16,NA,2,2,0,0
MRS11,402,ABLA,NA,14.1,,NA,2,,1,1
MRS11,403,ABLA,NA,8.3,,NA,2,,1,1
MRS11,404,ABLA,NA,6.6,7.8,NA,3,3,0,0
MRS11,405,PIEN,NA,7.8,9.7,NA,3,3,0,0
MRS11,406,PIEN,NA,5.1,6,NA,3,3,0,0
MRS11,407,PIEN,NA,6.8,8.5,NA,3,3,0,0
MRS11,408,PIEN,NA,46.2,49,NA,2,1,0,0
MRS11,409,PIEN,NA,45.5,45.5,NA,1,1,0,0
MRS11,410,PIEN,NA,15.4,16,NA,2,2,0,0
MRS11,411,PIEN,NA,4.5,3.5,NA,3,3,0,0
MRS11,412,PIEN,NA,17.6,19,NA,2,2,0,0
MRS11,413,PIEN,NA,13.6,14.4,NA,2,2,0,0
MRS11,414,ABLA,NA,17.1,19,NA,2,3,0,0
MRS11,415,ABLA,NA,6,,NA,3,,1,1
MRS11,416,ABLA,NA,7.1,7.2,NA,3,3,0,0
MRS11,417,ABLA,NA,9.2,9.3,NA,3,3,0,0
MRS11,418,ABLA,NA,15.5,16.5,NA,2,2,0,0
MRS11,419,PIEN,NA,41.1,41.7,NA,1,1,0,0
MRS11,420,ABLA,NA,5.9,,NA,3,,1,1
MRS11,421,ABLA,NA,13.3,14.5,NA,2,2,0,0
MRS11,422,ABLA,NA,8,,NA,3,,1,1
MRS11,423,PIEN,NA,42.7,,NA,1,,1,1
MRS11,424,ABLA,NA,5.9,,NA,3,,1,1
MRS11,425,ABLA,NA,5.2,5.9,NA,3,3,0,0
MRS11,426,ABLA,NA,7.7,,NA,3,,1,10
MRS11,427,ABLA,NA,9,9,NA,2,2,0,0
MRS11,428,ABLA,NA,21.4,,NA,,,1,1
MRS11,429,ABLA,NA,4.5,,NA,,,1,1
MRS11,430,PIEN,NA,58.3,,NA,1,,1,1
MRS11,431,ABLA,NA,48.7,49.3,NA,1,1,0,0
MRS11,432,ABLA,NA,6.3,7.4,NA,3,3,0,0
MRS11,433,PIEN,NA,12.3,15.5,NA,2,2,0,0
MRS11,434,PIEN,NA,17.4,18.8,NA,2,2,0,0
MRS11,435,PIEN,NA,18,18.7,NA,2,2,0,0
MRS11,436,ABLA,NA,14.8,16.6,NA,2,1,0,0
MRS11,437,PIEN,NA,22.9,24.7,NA,1,1,0,0
MRS11,438,ABLA,NA,6.2,6.2,NA,3,3,0,0
MRS11,439,ABLA,NA,4,4.1,NA,3,3,0,0
MRS11,440,ABLA,NA,4,4.1,NA,3,3,0,0
MRS11,441,PIEN,NA,24.9,26.8,NA,1,1,0,0
MRS11,442,ABLA,NA,17.4,18.9,NA,2,2,0,0
MRS11,443,ABLA,NA,10.1,10.7,NA,2,2,0,0
MRS11,444,ABLA,NA,12.1,13.5,NA,2,2,0,0
MRS11,445,ABLA,NA,11,11.4,NA,2,2,0,0
MRS11,446,ABLA,NA,4,4.2,NA,3,3,0,0
MRS11,447,ABLA,NA,6,6.3,NA,3,3,0,0
MRS11,448,ABLA,NA,4.9,,NA,3,,1,10
MRS11,449,ABLA,NA,9.1,9.8,NA,2,2,0,0
MRS11,450,ABLA,NA,16.5,14.7,NA,2,2,1,11
MRS11,451,ABLA,NA,11.2,11.6,NA,2,2,0,0
MRS11,452,ABLA,NA,13.6,14.9,NA,2,2,0,0
MRS11,453,ABLA,NA,11.1,12,NA,2,2,0,0
MRS11,454,PIEN,NA,64.2,61.4,NA,1,1,0,0
MRS11,455,ABLA,NA,4.5,4.9,NA,3,3,0,0
MRS11,456,ABLA,NA,7.7,8.4,NA,3,3,0,0
MRS11,457,ABLA,NA,34.5,36.6,NA,1,1,0,0
MRS11,458,ABLA,NA,10.9,11,NA,2,2,0,0
MRS11,459,ABLA,NA,15.3,16,NA,2,2,0,0
MRS11,460,ABLA,NA,6.6,7.3,NA,3,3,0,0
MRS11,461,PIEN,NA,27,29.9,NA,1,1,0,0
MRS11,462,PIEN,NA,4.2,4.6,NA,3,3,0,0
MRS11,463,ABLA,NA,6.9,8.4,NA,3,3,0,0
MRS11,464,PIEN,NA,4.4,5.2,NA,3,3,0,0
MRS11,465,PIEN,NA,6.6,6.4,NA,3,3,0,0
MRS11,466,PIEN,NA,5.8,6,NA,3,3,0,0
MRS11,467,PIEN,NA,5,5.9,NA,3,3,0,0
MRS11,468,PIEN,NA,13.5,14.7,NA,2,2,0,0
MRS11,469,PIEN,NA,4.3,,NA,3,,1,1
MRS11,470,PIEN,NA,6,6.5,NA,3,3,0,0
MRS11,471,PIEN,NA,8.9,9.4,NA,2,2,0,0
MRS11,472,PIEN,NA,12.8,14.5,NA,2,2,0,0
MRS11,473,PIEN,NA,23.1,22.2,NA,2,2,0,0
MRS11,474,PIEN,NA,41.5,41.4,NA,1,1,0,0
MRS11,475,ABLA,NA,5.2,5.7,NA,3,3,0,0
MRS11,476,ABLA,NA,30.1,,NA,2,,1,1
MRS11,477,ABLA,NA,16.1,15.9,NA,2,2,0,0
MRS11,478,ABLA,NA,4.9,5,NA,3,3,0,0
MRS11,479,ABLA,NA,19.2,19.5,NA,2,2,0,0
MRS11,480,ABLA,NA,8.8,9.1,NA,2,2,0,0
MRS11,481,ABLA,NA,14.9,,NA,,,1,1
MRS11,482,ABLA,NA,8.3,,NA,3,,1,10
MRS11,483,ABLA,NA,17.6,,NA,2,,1,1
MRS11,484,ABLA,NA,22,,NA,1,,1,1
MRS11,485,ABLA,NA,9.4,,NA,2,,1,1
MRS11,486,ABLA,NA,32.7,,NA,1,,1,1
MRS11,487,PIEN,NA,54.2,54.8,NA,1,1,0,0
MRS11,488,PIEN,NA,63.4,64,NA,1,1,0,0
MRS11,489,PIEN,NA,46.4,,NA,1,,1,1
MRS11,490,PIEN,NA,23,,NA,3,,1,1
MRS11,491,ABLA,NA,22.5,23.9,NA,2,1,0,0
MRS11,492,ABLA,NA,27.4,28,NA,1,1,0,0
MRS11,493,ABLA,NA,23.1,24,NA,2,2,0,0
MRS11,494,ABLA,NA,27.9,28.1,NA,2,2,0,0
MRS11,495,ABLA,NA,14.6,15.8,NA,2,2,0,0
MRS11,496,PIEN,NA,73.1,72.9,NA,1,1,0,0
MRS11,497,PIEN,NA,25.9,27.9,NA,2,2,0,0
MRS11,498,PIEN,NA,22.8,23.7,NA,1,1,0,0
MRS11,499,PIEN,NA,12.3,12.9,NA,2,2,0,0
MRS11,500,PIEN,NA,11.1,12.2,NA,2,2,0,0
MRS11,501,PIEN,NA,21.5,23.4,NA,2,2,0,0
MRS11,502,PIEN,NA,6.6,5.5,NA,3,3,0,0
MRS11,503,PIEN,NA,54.7,58.9,NA,1,1,0,0
MRS11,504,PIEN,NA,39.4,,NA,2,,1,1
MRS11,505,ABLA,NA,6,6,NA,3,3,0,0
MRS11,506,ABLA,NA,16.8,17.5,NA,2,2,0,0
MRS11,507,UNK,NA,25.3,,NA,2,,1,1
MRS11,508,ABLA,NA,11,10.4,NA,3,3,0,0
MRS11,509,ABLA,NA,18.1,18.2,NA,2,2,1,11
MRS11,510,ABLA,NA,25.5,30.2,NA,1,1,0,0
MRS11,511,ABLA,NA,33,33.9,NA,1,1,1,11
MRS11,512,ABLA,NA,20,,NA,,,1,1
MRS11,513,ABLA,NA,NA,NA,NA,,,0,0
MRS11,514,ABLA,NA,6.8,,NA,3,,1,1
MRS11,515,ABLA,NA,7.5,7.8,NA,3,3,0,0
MRS11,516,ABLA,NA,19.1,19.9,NA,2,2,0,0
MRS11,517,PIEN,NA,49.2,49.9,NA,1,1,0,0
MRS11,518,ABLA,NA,29.1,32,NA,1,1,0,0
MRS11,519,ABLA,NA,17.2,,NA,2,,1,10
MRS11,520,ABLA,NA,19.7,20.5,NA,2,2,0,0
MRS11,521,PIEN,NA,29.7,32,NA,1,1,0,0
MRS11,522,PIEN,NA,10.5,12.4,NA,3,3,0,0
MRS11,523,ABLA,NA,9.6,MIA,NA,3,,0,0
MRS11,524,ABLA,NA,6.2,MIA,NA,3,,0,0
MRS11,525,ABLA,NA,12.2,MIA,NA,3,,0,0
MRS11,526,ABLA,NA,10,MIA,NA,3,,0,0
MRS12,248,ABLA,NA,5,MIA,NA,3,3,0,0
MRS12,249,ABLA,NA,16.3,MIA,NA,1,1,0,0
MRS12,250,ABLA,NA,12.8,13.4,NA,1,1,0,0
MRS12,251,ABLA,NA,15.8,16.3,NA,1,1,0,0
MRS12,252,ABLA,NA,12,13.6,NA,2,2,0,0
MRS12,253,ABLA,NA,12.5,12.7,NA,2,2,0,0
MRS12,254,ABLA,NA,4.5,5.4,NA,3,3,0,0
MRS12,255,ABLA,NA,4.5,NA,NA,NA,,1,1
MRS12,256,PIEN,NA,12.4,13.5,NA,1,1,0,0
MRS12,257,PIEN,NA,7,8,NA,2,2,0,0
MRS12,258,PIEN,NA,7.7,8.5,NA,2,2,0,0
MRS12,259,PIEN,NA,9.5,9.7,NA,1,1,0,0
MRS12,260,PIEN,NA,9.5,10.8,NA,1,1,0,0
MRS12,261,PIEN,NA,13.2,14.7,NA,1,1,0,0
MRS12,262,PIEN,NA,8.8,9.2,NA,2,1,0,0
MRS12,263,PIEN,NA,12.8,13.4,NA,1,1,0,0
MRS12,264,PIEN,NA,16.8,19.8,NA,1,1,0,0
MRS12,265,PIEN,NA,9.5,10.3,NA,2,2,0,0
MRS12,266,PIEN,NA,15.7,16.9,NA,1,1,0,0
MRS12,267,PIEN,NA,17.8,19.1,NA,1,1,0,0
MRS12,268,ABLA,NA,4,4.6,NA,3,3,0,0
MRS12,269,ABLA,NA,4.6,4.9,NA,3,3,0,0
MRS12,270,ABLA,NA,4.6,NA,NA,3,,1,11
MRS12,271,ABLA,NA,13.2,13.2,NA,2,2,0,0
MRS12,272,ABLA,NA,8.5,9,NA,3,2,0,0
MRS12,273,ABLA,NA,5.6,6.2,NA,3,3,0,0
MRS12,274,ABLA,NA,6.3,6.9,NA,3,3,0,0
MRS12,275,ABLA,NA,8.5,NA,NA,3,,1,11
MRS12,276,ABLA,NA,5.4,6,NA,3,3,0,0
MRS12,277,ABLA,NA,15.4,16.2,NA,2,2,0,0
MRS12,278,ABLA,NA,5.3,6.4,NA,3,3,0,0
MRS12,279,PIEN,NA,6.7,6.7,NA,3,3,0,0
MRS12,280,ABLA,NA,21.1,21.4,NA,1,1,0,0
MRS12,281,ABLA,NA,22.7,26.7,NA,1,1,0,0
MRS12,282,UNKN,NA,NA,,NA,NA,,1,1
MRS12,283,ABLA,NA,17.8,NA,NA,2,2,0,0
MRS12,284,ABLA,NA,NA,,NA,NA,,1,1
MRS12,285,PIEN,NA,14.6,20.4,NA,2,2,0,0
MRS12,286,PIEN,NA,21.7,23.5,NA,1,1,0,0
MRS12,287,PIEN,NA,13.4,14.5,NA,2,2,0,0
MRS12,288,PIEN,NA,18.6,20.8,NA,1,1,0,0
MRS12,289,PIEN,NA,27,26.9,NA,1,1,0,0
MRS12,290,ABLA,NA,16.7,19.2,NA,1,1,0,0
MRS12,291,ABLA,NA,NA,NA,NA,NA,,1,1
MRS12,292,PIEN,NA,15.2,18,NA,1,1,0,0
MRS12,293,ABLA,NA,12.2,13.7,NA,1,1,0,0
MRS12,294,ABLA,NA,9.4,11.2,NA,2,2,0,0
MRS12,295,PIEN,NA,16.3,17.5,NA,1,1,0,0
MRS12,296,PIEN,NA,6.5,8.4,NA,2,2,0,0
MRS12,297,PIEN,NA,5.6,6.5,NA,3,3,0,0
MRS12,468,PIEN,NA,4.8,MIA,NA,3,,0,0
MRS12,469,ABLA,NA,4.4,5.4,NA,3,3,0,0
MRS12,470,PIEN,NA,12.5,13.4,NA,2,2,0,0
MRS12,471,ABLA,NA,NA,NA,NA,NA,,1,1
MRS12,472,PIEN,NA,14.9,15.5,NA,2,2,0,0
MRS12,473,PIEN,NA,13.5,14.4,NA,2,2,0,0
MRS12,474,PIEN,NA,9,9.4,NA,3,3,0,0
MRS12,475,PIEN,NA,9,9.5,NA,3,3,0,0
MRS12,476,PIEN,NA,16.4,17.5,NA,1,1,0,0
MRS12,477,ABLA,NA,11.5,12.9,NA,2,2,0,0
MRS12,478,ABLA,NA,8.8,10.1,NA,3,3,0,0
MRS12,479,ABLA,NA,NA,NA,NA,NA,,1,1
MRS12,480,ABLA,NA,4.2,4.2,NA,3,3,0,0
MRS12,482,ABLA,NA,14,NA,NA,NA,,1,11
MRS12,483,ABLA,NA,21.1,21.8,NA,1,1,0,0
MRS12,484,ABLA,NA,9.2,10.6,NA,2,2,0,0
MRS12,485,ABLA,NA,13.25,14.1,NA,1,1,0,0
MRS12,486,ABLA,NA,NA,NA,NA,NA,,1,1
MRS12,487,ABLA,NA,7.4,8.2,NA,3,3,0,0
MRS12,488,ABLA,NA,8.4,9.9,NA,3,3,0,0
MRS12,489,ABLA,NA,4.7,5.1,NA,3,3,0,0
MRS12,490,PIEN,NA,6.6,7.8,NA,3,3,0,0
MRS12,491,PIEN,NA,6.6,8.5,NA,3,3,0,0
MRS12,492,UNKN,NA,NA,NA,NA,NA,,1,1
MRS12,493,PIEN,NA,6.4,8.1,NA,2,2,0,0
MRS12,494,PIEN,NA,7.7,9,NA,2,2,0,0
MRS12,495,PIEN,NA,12.8,12.9,NA,1,1,0,0
MRS12,496,PIEN,NA,7,MIA,NA,2,,0,0
MRS12,497,PIEN,NA,4.7,MIA,NA,3,,0,0
MRS12,498,PIEN,NA,15.9,14.9,NA,1,1,0,0
MRS12,499,PIEN,NA,4.4,6.3,NA,3,3,0,0
MRS12,500,PIEN,NA,7.2,11,NA,2,1,0,0
MRS12,501,PIEN,NA,6.5,7.1,NA,3,3,0,0
MRS12,502,PIEN,NA,8.1,8.8,NA,2,2,0,0
MRS12,503,PIEN,NA,10.7,11.4,NA,2,2,0,0
MRS12,504,PIEN,NA,13.5,14.2,NA,1,1,0,0
MRS12,505,PIEN,NA,5.5,6.1,NA,3,3,0,0
MRS12,506,PIEN,NA,4.7,4.6,NA,3,3,0,0
MRS12,507,PIEN,NA,7.2,8.4,NA,3,3,0,0
MRS12,508,PIEN,NA,NA,NA,NA,NA,,1,1
MRS12,509,PIEN,NA,NA,NA,NA,NA,,1,1
MRS12,510,PIEN,NA,5.8,6.5,NA,3,3,0,0
MRS12,511,PIEN,NA,9.7,12.8,NA,3,3,0,0
MRS12,512,PIEN,NA,20.6,18.5,NA,1,1,0,0
MRS12,513,PIEN,NA,22,24.5,NA,2,2,0,0
MRS12,514,PIEN,NA,NA,NA,NA,NA,,1,1
MRS12,515,PIEN,NA,15.9,17.1,NA,1,1,0,0
MRS12,516,PIEN,NA,15.7,16.5,NA,1,1,0,0
MRS12,517,PIEN,NA,14.1,14.3,NA,1,1,0,0
MRS12,518,PIEN,NA,7.7,8.5,NA,2,2,0,0
MRS12,519,PIEN,NA,19,20.6,NA,1,1,0,0
MRS12,520,ABLA,NA,8.9,9.5,NA,2,2,0,0
MRS12,521,PIEN,NA,17,18.7,NA,1,1,0,0
MRS12,522,ABLA,NA,9.2,10.2,NA,2,2,0,0
MRS12,523,ABLA,NA,4.3,4.1,NA,3,3,0,0
MRS12,524,PIEN,NA,4.8,3.9,NA,3,3,0,0
MRS12,525,ABLA,NA,7.5,8.1,NA,2,2,0,0
MRS12,526,ABLA,NA,11.7,13.2,NA,1,1,0,0
MRS12,527,ABLA,NA,11.3,13.3,NA,1,1,0,0
MRS12,528,ABLA,NA,6.2,6.6,NA,2,3,0,0
MRS12,529,PIEN,NA,20.5,22.9,NA,1,1,0,0
MRS12,530,ABLA,NA,11.2,12.1,NA,1,1,0,0
MRS12,531,ABLA,NA,10.7,10.9,NA,2,2,0,0
MRS12,532,ABLA,NA,7.7,7.2,NA,2,2,0,0
MRS12,533,ABLA,NA,11.7,12.5,NA,1,1,0,0
MRS12,534,ABLA,NA,18,16.8,NA,1,1,0,0
MRS12,535,ABLA,NA,11.7,12.6,NA,2,2,0,0
MRS12,536,ABLA,NA,7.5,7.7,NA,2,2,0,0
MRS12,537,ABLA,NA,8.6,9.1,NA,2,2,0,0
MRS12,538,ABLA,NA,13.7,14,NA,1,1,0,0
MRS12,539,ABLA,NA,7.5,8.1,NA,2,2,0,0
MRS12,540,ABLA,NA,13.4,14.2,NA,1,1,0,0
MRS12,541,ABLA,NA,10,10,NA,2,2,0,0
MRS12,542,ABLA,NA,15,15.8,NA,1,1,0,0
MRS12,543,ABLA,NA,5.3,7.3,NA,3,3,0,0
MRS12,544,PIEN,NA,10.6,11.8,NA,2,1,0,0
MRS12,545,PIEN,NA,9.6,10.1,NA,2,2,0,0
MRS12,546,PIEN,NA,8.7,9.9,NA,2,2,0,0
MRS12,547,PIEN,NA,23.2,24.3,NA,1,1,0,0
MRS12,548,PIEN,NA,8.8,10.5,NA,2,1,0,0
MRS12,549,PIEN,NA,13.8,14.8,NA,2,1,0,0
MRS12,550,PIEN,NA,6.8,8.9,NA,3,3,0,0
MRS12,551,PIEN,NA,12,13.5,NA,2,1,0,0
MRS12,552,ABLA,NA,5.3,5.9,NA,3,3,0,0
MRS12,553,PIEN,NA,6.2,9.6,NA,3,3,0,0
MRS12,554,PIEN,NA,18,19.1,NA,1,1,0,0
MRS12,555,PIEN,NA,20.8,21.1,NA,1,1,0,0
MRS12,556,PIEN,NA,16.2,18.2,NA,1,1,0,0
MRS12,557,PIEN,NA,16.1,16.8,NA,1,1,0,0
MRS12,558,PIEN,NA,19.8,22,NA,1,1,0,0
MRS12,559,ABLA,NA,16.6,19.8,NA,1,1,0,0
MRS12,560,ABLA,NA,9.4,NA,NA,3,,1,1
MRS12,561,ABLA,NA,12.6,13.4,NA,1,1,0,0
MRS12,562,ABLA,NA,11.6,12.4,NA,1,1,0,0
MRS12,563,ABLA,NA,12.3,13.2,NA,1,1,0,0
MRS12,564,ABLA,NA,10.5,9.4,NA,2,2,0,0
MRS12,565,ABLA,NA,12.5,11,NA,1,1,0,0
MRS12,566,ABLA,NA,13.7,14.9,NA,1,1,0,0
MRS12,567,ABLA,NA,NA,NA,NA,NA,,1,1
MRS12,568,ABLA,NA,21.4,20.9,NA,1,1,0,0
MRS12,569,ABLA,NA,24.7,25.9,NA,1,1,0,0
MRS12,570,ABLA,NA,4.7,5.2,NA,3,3,0,0
MRS12,571,ABLA,NA,4.9,6.1,NA,2,3,0,0
MRS12,572,PIEN,NA,10.2,11.4,NA,2,2,0,0
MRS12,573,PIEN,NA,7,8,NA,2,2,0,0
MRS12,574,PIEN,NA,16.8,17.4,NA,1,1,0,0
MRS12,575,PIEN,NA,14.8,17.4,NA,2,1,0,0
MRS12,576,PIEN,NA,9.6,10.1,NA,3,3,0,0
MRS12,577,PIEN,NA,14,15.4,NA,2,2,0,0
MRS12,578,PIEN,NA,13.9,17.1,NA,2,2,0,0
MRS12,579,PIEN,NA,16,17.1,NA,1,1,0,0
MRS12,580,PIEN,NA,NA,NA,NA,NA,,1,1
MRS12,581,PIEN,NA,28.4,28.8,NA,2,1,0,0
MRS12,582,PIEN,NA,26.5,31.7,NA,1,1,0,0
MRS12,583,PIEN,NA,16,16,NA,1,1,0,0
MRS12,584,ABLA,NA,9.3,9.6,NA,2,2,0,0
MRS12,585,ABLA,NA,8.2,9.4,NA,2,2,0,0
MRS12,586,ABLA,NA,6.8,7.9,NA,2,2,0,0
MRS12,587,PIEN,NA,NA,NA,NA,NA,,1,1
MRS12,588,ABLA,NA,5.4,NA,NA,3,,1,10
MRS12,601,PIEN,NA,6.4,9.8,NA,3,3,0,0
MRS12,602,PIEN,NA,7,7.7,NA,3,3,0,0
MRS12,603,PIEN,NA,12.6,14.2,NA,2,2,0,0
MRS12,604,PIEN,NA,7.3,7.7,NA,3,3,0,0
MRS12,605,PIEN,NA,20.5,21.1,NA,2,2,0,0
MRS12,606,PIEN,NA,21.4,23,NA,2,2,0,0
MRS12,607,ABLA,NA,17.6,18.8,NA,1,1,0,0
MRS12,608,ABLA,NA,9.1,9.1,NA,3,3,0,0
MRS12,609,ABLA,NA,11.8,12.1,NA,2,2,0,0
MRS12,610,ABLA,NA,8.6,10.9,NA,3,3,0,0
MRS12,611,ABLA,NA,7.4,7.6,NA,3,3,0,0
MRS12,612,ABLA,NA,4.8,5.5,NA,3,2,0,0
MRS12,613,ABLA,NA,11.8,11.7,NA,2,1,0,0
MRS12,614,ABLA,NA,11,11.4,NA,1,3,0,0
MRS12,615,ABLA,NA,8.1,8.2,NA,3,1,0,0
MRS12,616,ABLA,NA,16.7,18,NA,1,2,0,0
MRS12,617,ABLA,NA,12.3,12,NA,2,2,0,0
MRS12,618,ABLA,NA,11.8,12.2,NA,2,2,0,0
MRS12,619,ABLA,NA,15.6,16.4,NA,2,2,0,0
MRS12,620,ABLA,NA,8,8.9,NA,2,2,0,0
MRS12,621,ABLA,NA,6.6,8.4,NA,3,2,0,0
MRS12,622,ABLA,NA,6,6,NA,3,3,0,0
MRS12,623,ABLA,NA,6.5,9,NA,3,3,0,0
MRS12,624,ABLA,NA,10.8,11,NA,2,2,0,0
MRS12,625,ABLA,NA,11.7,13.2,NA,3,3,0,0
MRS12,626,ABLA,NA,10.6,11.7,NA,3,3,0,0
MRS12,627,ABLA,NA,6.5,6.6,NA,3,3,0,0
MRS12,628,UNKN,NA,NA,NA,NA,NA,,1,1
MRS12,629,ABLA,NA,6.8,7.1,NA,3,3,0,0
MRS12,630,PIEN,NA,7.8,9.8,NA,2,2,0,0
MRS12,631,PIEN,NA,14.8,17.8,NA,1,1,0,0
MRS12,632,ABLA,NA,13,13.1,NA,2,2,0,0
MRS12,633,ABLA,NA,19.1,20.4,NA,2,2,0,0
MRS12,634,ABLA,NA,5.4,7.3,NA,,,0,0
MRS12,635,PIEN,NA,4.2,NA,NA,3,,1,10
MRS12,636,PIEN,NA,6.3,7,NA,2,2,0,0
MRS12,637,PIEN,NA,5.1,7,NA,2,2,0,0
MRS12,638,PIEN,NA,NA,NA,NA,NA,,1,1
MRS12,639,PIEN,NA,NA,NA,NA,NA,,1,1
MRS12,640,PIEN,NA,NA,NA,NA,NA,,1,1
MRS12,641,PIEN,NA,15.7,16.6,NA,1,1,0,0
MRS12,642,PIEN,NA,9,9.7,NA,2,2,0,0
MRS12,643,PIEN,NA,11.3,13.4,NA,1,1,0,0
MRS12,644,ABLA,NA,4.5,6.2,NA,3,3,0,0
MRS12,645,PIEN,NA,4.8,6.4,NA,3,3,0,0
MRS12,646,ABLA,NA,13.6,14.1,NA,1,1,0,0
MRS12,647,ABLA,NA,17.6,NA,NA,NA,,1,1
MRS12,648,ABLA,NA,4.5,5,NA,3,3,0,0
MRS12,649,ABLA,NA,12,13,NA,2,2,0,0
MRS12,650,ABLA,NA,6.6,NA,NA,3,,1,11
MRS12,651,ABLA,NA,NA,NA,NA,NA,,1,1
MRS12,652,ABLA,NA,7.6,8.4,NA,2,2,0,0
MRS12,653,ABLA,NA,7.2,8,NA,2,2,0,0
MRS12,654,ABLA,NA,4.7,MIA,NA,3,,0,0
MRS12,655,ABLA,NA,6.7,7.3,NA,3,3,0,0
MRS12,656,ABLA,NA,5.1,5.4,NA,3,3,0,0
MRS12,657,ABLA,NA,13.4,13.6,NA,2,2,0,0
MRS12,658,ABLA,NA,4.3,6,NA,3,3,0,0
MRS12,659,PIEN,NA,11.5,13.7,NA,2,2,0,0
MRS12,660,PIEN,NA,NA,,NA,NA,,1,1
MRS12,661,PIEN,NA,NA,,NA,NA,,1,1
MRS12,662,PIEN,NA,NA,,NA,NA,,1,1
MRS12,663,UNKN,NA,NA,,NA,NA,,1,1
MRS12,664,PIEN,NA,NA,,NA,NA,,1,1
MRS12,665,PIEN,NA,14.4,15.2,NA,1,1,0,0
MRS12,666,PIEN,NA,10.9,12.4,NA,2,2,0,0
MRS12,667,PIEN,NA,12.7,13.5,NA,2,2,0,0
MRS12,668,PIEN,NA,7.7,7.7,NA,2,2,0,0
MRS12,669,PIEN,NA,7.4,11.4,NA,3,3,0,0
MRS12,670,PIEN,NA,5,7,NA,3,3,0,0
MRS12,671,PIEN,NA,15.2,16.5,NA,1,1,0,0
MRS12,672,PIEN,NA,4.6,6,NA,3,3,0,0
MRS12,673,PIEN,NA,7.5,NA,NA,2,,0,0
MRS12,674,PIEN,NA,7.8,8.5,NA,2,2,0,0
MRS12,675,PIEN,NA,6,8,NA,3,3,0,0
MRS12,676,PIEN,NA,4,6.6,NA,3,3,0,0
MRS12,677,PIEN,NA,16.9,17.9,NA,1,1,1,11
MRS12,678,ABLA,NA,NA,NA,NA,NA,,1,1
MRS12,679,ABLA,NA,9.8,10.3,NA,2,2,0,0
MRS12,680,ABLA,NA,7.8,8.1,NA,3,3,0,0
MRS12,681,ABLA,NA,14,NA,NA,1,,1,11
MRS12,682,ABLA,NA,13.9,NA,NA,1,,1,11
MRS12,683,ABLA,NA,11,12.5,NA,2,2,0,0
MRS12,684,ABLA,NA,8,8.5,NA,2,2,0,0
MRS12,685,ABLA,NA,7.8,8.4,NA,3,2,0,0
MRS12,686,ABLA,NA,NA,NA,NA,NA,,1,1
MRS12,687,ABLA,NA,5,NA,NA,3,2,1,11
MRS12,688,ABLA,NA,7,9,NA,3,3,0,0
MRS12,689,ABLA,NA,4.1,5.5,NA,3,2,0,0
MRS12,690,ABLA,NA,6.5,8,NA,3,1,0,0
MRS12,691,ABLA,NA,14.3,16.6,NA,1,3,0,0
MRS12,692,PIEN,NA,4.8,5.4,NA,3,1,0,0
MRS12,693,PIEN,NA,16.5,18.1,NA,1,1,0,0
MRS12,694,PIEN,NA,21.8,22.2,NA,1,1,0,0
MRS12,695,PIEN,NA,25.8,30.3,NA,1,1,0,0
MRS12,696,PIEN,NA,22,24,NA,2,2,0,0
MRS12,697,PIEN,NA,6.3,7,NA,2,1,0,0
MRS12,698,PIEN,NA,17.8,19.5,NA,1,2,0,0
MRS12,699,PIEN,NA,7,8.5,NA,2,1,0,0
MRS12,700,PIEN,NA,19.5,22.4,NA,1,2,0,0
MRS12,701,PIEN,NA,12.7,13.9,NA,2,2,0,0
MRS12,702,PIEN,NA,5.8,8.1,NA,3,3,0,0
MRS12,703,PIEN,NA,5,6.8,NA,3,3,0,0
MRS12,704,PIEN,NA,NA,NA,NA,NA,,1,1
MRS12,705,PIEN,NA,NA,NA,NA,NA,,1,1
MRS12,706,PIEN,NA,4.5,4,NA,3,3,0,0
MRS12,707,PIEN,NA,NA,NA,NA,NA,,1,1
MRS12,708,ABLA,NA,NA,NA,NA,NA,,1,1
MRS12,709,UNKN,NA,NA,NA,NA,NA,,1,1
MRS12,710,ABLA,NA,NA,NA,NA,NA,,1,1
MRS12,711,ABLA,NA,NA,NA,NA,NA,,1,1
MRS12,712,PIEN,NA,10.9,14.2,NA,3,2,0,0
MRS12,713,PIEN,NA,9.9,13.3,NA,3,3,0,0
MRS12,714,UNKN,NA,NA,NA,NA,NA,,1,1
MRS12,715,PIEN,NA,8.8,9,NA,3,3,0,0
MRS12,716,PIEN,NA,4.7,5.6,NA,3,3,0,0
MRS12,717,PIEN,NA,5.4,7.9,NA,3,2,0,0
MRS12,718,PIEN,NA,12.2,12.2,NA,2,2,0,0
MRS12,719,PIEN,NA,17.6,18.5,NA,2,,0,0
MRS12,720,UNKN,NA,NA,NA,NA,NA,2,1,1
MRS12,721,ABLA,NA,13.2,13.5,NA,2,2,0,0
MRS12,722,PIEN,NA,17.2,18.5,NA,2,1,0,0
MRS12,723,PIEN,NA,17.2,20,NA,1,1,0,0
MRS12,724,PIEN,NA,18.2,19.2,NA,1,2,0,0
MRS12,725,ABLA,NA,7.7,8.5,NA,2,1,0,0
MRS12,726,ABLA,NA,14.3,19,NA,1,3,0,0
MRS12,727,ABLA,NA,4.4,5.3,NA,3,3,0,0
MRS12,728,ABLA,NA,9.3,10,NA,3,1,0,0
MRS12,729,ABLA,NA,12,12.8,NA,1,1,0,0
MRS12,730,ABLA,NA,13.7,13.5,NA,1,1,0,0
MRS12,731,ABLA,NA,12,12.6,NA,1,3,0,0
MRS12,732,ABLA,NA,6.6,6.5,NA,3,2,0,0
MRS12,733,ABLA,NA,6.6,6.7,NA,2,,1,11
MRS12,734,ABLA,NA,7.6,NA,NA,NA,2,1,1
MRS12,735,ABLA,NA,9.3,9.7,NA,2,3,0,0
MRS12,736,ABLA,NA,5.1,5.2,NA,3,3,0,0
MRS12,737,ABLA,NA,7.5,7.5,NA,2,2,0,0
MRS12,738,ABLA,NA,7,7.2,NA,3,3,0,0
MRS12,739,ABLA,NA,5.9,5.8,NA,3,3,0,0
MRS12,740,ABLA,NA,7.8,8.1,NA,2,2,0,0
MRS12,741,ABLA,NA,4.2,4.2,NA,3,3,0,0
MRS12,742,ABLA,NA,6,5.5,NA,3,3,0,0
MRS12,743,ABLA,NA,8.2,8.3,NA,3,2,0,0
MRS12,744,ABLA,NA,8.4,9,NA,3,2,0,0
MRS12,745,ABLA,NA,10.4,10.1,NA,2,1,0,0
MRS12,746,ABLA,NA,7.7,6.5,NA,3,2,0,0
MRS12,747,ABLA,NA,13.4,15.4,NA,1,1,0,0
MRS12,748,ABLA,NA,13.1,13.2,NA,1,1,0,0
MRS12,749,ABLA,NA,5.5,7,NA,3,3,0,0
MRS12,750,ABLA,NA,14.3,16.5,NA,2,1,0,0
MRS12,751,PIEN,NA,14.3,16.1,NA,2,2,0,0
MRS12,752,PIEN,NA,15.6,16.4,NA,1,1,0,0
MRS12,753,PIEN,NA,14.7,17.3,NA,1,1,0,0
MRS12,754,PIEN,NA,28.8,32.9,NA,1,1,0,0
MRS12,755,ABLA,NA,7.7,11,NA,3,2,0,0
MRS12,756,PIEN,NA,9.5,12.1,NA,3,3,0,0
MRS12,757,PIEN,NA,8.7,11.2,NA,3,2,0,0
MRS12,758,ABLA,NA,7.8,10.5,NA,3,2,0,0
MRS12,759,ABLA,NA,15.5,16.5,NA,1,1,0,0
MRS12,760,ABLA,NA,15.9,19.5,NA,1,1,0,0
MRS12,761,ABLA,NA,15.6,17,NA,1,1,0,0
MRS12,762,ABLA,NA,9.5,10.3,NA,2,2,0,0
MRS12,763,ABLA,NA,22.2,23.6,NA,1,1,0,0
MRS12,764,ABLA,NA,10,12,NA,3,2,0,0
MRS12,765,ABLA,NA,11.2,11.8,NA,3,2,0,0
MRS12,766,ABLA,NA,9.8,10.8,NA,3,2,0,0
MRS12,767,ABLA,NA,8.8,9.5,NA,3,2,0,0
MRS12,768,ABLA,NA,NA,NA,NA,NA,,1,1
MRS12,769,ABLA,NA,6.2,7.1,NA,3,3,0,0
MRS12,770,ABLA,NA,5.5,7,NA,3,3,0,0
MRS12,771,ABLA,NA,9.5,11.5,NA,2,2,0,0
MRS12,772,ABLA,NA,5.3,NA,NA,3,,1,11
MRS12,773,ABLA,NA,4.8,5.3,NA,3,3,0,0
MRS12,774,ABLA,NA,8.5,9.5,NA,2,2,0,0
MRS12,775,ABLA,NA,6.6,8.2,NA,3,2,0,0
MRS12,776,ABLA,NA,6.4,7.5,NA,3,3,0,0
MRS12,777,ABLA,NA,7.4,8,NA,3,2,0,0
MRS12,778,ABLA,NA,8.3,7.8,NA,3,2,0,0
MRS12,779,ABLA,NA,8.9,9.6,NA,2,1,0,0
MRS12,780,ABLA,NA,6.5,6.7,NA,3,3,0,0
MRS12,781,ABLA,NA,6.2,6.5,NA,3,3,0,0
MRS12,782,ABLA,NA,9.2,10,NA,2,2,0,0
MRS12,783,ABLA,NA,10.4,11.9,NA,2,1,0,0
MRS12,784,ABLA,NA,9.2,10.5,NA,3,1,0,0
MRS12,785,ABLA,NA,11.6,13.6,NA,2,1,0,0
MRS12,786,ABLA,NA,4.3,5.8,NA,3,3,0,0
MRS12,787,ABLA,NA,5.2,6.5,NA,3,3,0,0
MRS12,788,PIEN,NA,12.1,16,NA,2,1,0,0
MRS12,789,PIEN,NA,13.1,15.1,NA,2,2,0,0
MRS12,790,PIEN,NA,6,7.7,NA,3,2,0,0
MRS12,791,PIEN,NA,4.4,5.1,NA,3,3,0,0
MRS12,792,PIEN,NA,6.2,5.7,NA,3,3,0,0
MRS12,793,PIEN,NA,5.5,5.9,NA,3,3,0,0
MRS12,794,PIEN,NA,5.7,8.2,NA,3,3,0,0
MRS12,795,PIEN,NA,8.2,8.6,NA,2,2,0,0
MRS12,796,PIEN,NA,16.2,16.8,NA,1,1,0,0
MRS12,797,ABLA,NA,13.8,13.5,NA,1,1,0,0
MRS12,798,ABLA,NA,15.4,14.8,NA,1,1,0,0
MRS12,799,ABLA,NA,13.2,13.5,NA,1,1,0,0
MRS12,800,ABLA,NA,19,21.7,NA,2,2,0,0
MRS12,801,ABLA,NA,12,13,NA,1,1,0,0
MRS12,802,ABLA,NA,12.5,12.6,NA,1,3,0,0
MRS12,803,UNKN,NA,NA,NA,NA,NA,,1,1
MRS12,804,ABLA,NA,13.5,14.4,NA,1,1,0,0
MRS12,805,ABLA,NA,7.8,9,NA,2,2,0,0
MRS12,806,ABLA,NA,11.4,12.3,NA,1,1,0,0
MRS12,807,ABLA,NA,11.2,11.8,NA,1,1,0,0
MRS12,808,ABLA,NA,15.7,16.9,NA,1,3,0,0
MRS12,809,ABLA,NA,11.9,12.5,NA,2,1,0,0
MRS12,810,ABLA,NA,10,12.1,NA,3,2,0,0
MRS12,811,ABLA,NA,7.5,8.2,NA,3,3,0,0
MRS12,812,ABLA,NA,6.1,6.7,NA,3,3,0,0
MRS12,813,ABLA,NA,4.8,5.4,NA,3,3,0,0
MRS12,814,ABLA,NA,6.6,7.4,NA,3,3,0,0
MRS12,815,ABLA,NA,14.4,15,NA,1,1,0,0
MRS12,816,ABLA,NA,NA,NA,NA,NA,,1,1
MRS12,817,ABLA,NA,11.8,13.1,NA,1,1,0,0
MRS12,818,ABLA,NA,9.9,11.1,NA,2,2,0,0
MRS12,819,ABLA,NA,11.3,12,NA,1,1,0,0
MRS12,820,ABLA,NA,8.3,9.5,NA,2,2,0,0
MRS12,821,ABLA,NA,4.8,5.6,NA,3,3,0,0
MRS12,822,ABLA,NA,12.3,13.5,NA,1,1,0,0
MRS12,823,ABLA,NA,13.6,15,NA,1,1,0,0
MRS12,824,ABLA,NA,12.7,12.9,NA,2,2,0,0
MRS12,825,ABLA,NA,13.7,14.4,NA,1,1,0,0
MRS12,826,PIEN,NA,12.9,15.5,NA,1,1,0,0
MRS12,827,ABLA,NA,7.2,9.5,NA,2,1,0,0
MRS12,828,UNKN,NA,NA,NA,NA,NA,,1,1
MRS12,829,PIEN,NA,15.9,17.8,NA,2,2,0,0
MRS12,830,PIEN,NA,8.3,9.8,NA,3,2,0,0
MRS12,831,PIEN,NA,NA,NA,NA,NA,,1,1
MRS12,832,PIEN,NA,4.8,5,NA,3,3,0,0
MRS12,833,PIEN,NA,14.7,16.6,NA,1,1,0,0
MRS12,834,PIEN,NA,10,12.9,NA,2,2,0,0
MRS12,835,PIEN,NA,12.5,14.2,NA,2,1,0,0
MRS12,836,ABLA,NA,8.9,10,NA,2,2,0,0
MRS12,837,ABLA,NA,20.5,19.4,NA,1,1,0,0
MRS12,838,ABLA,NA,7.3,6.5,NA,3,3,1,11
MRS12,839,ABLA,NA,14.6,NA,NA,NA,,1,1
MRS12,840,ABLA,NA,6.5,7.9,NA,3,2,0,0
MRS12,841,ABLA,NA,7.3,8.5,NA,3,3,0,0
MRS12,842,ABLA,NA,12.3,13.4,NA,1,1,0,0
MRS12,843,ABLA,NA,6.9,7.5,NA,3,3,0,0
MRS12,844,ABLA,NA,11.1,11.8,NA,2,2,0,0
MRS12,845,ABLA,NA,11.7,12.7,NA,2,2,0,0
MRS12,846,ABLA,NA,17,19.9,NA,1,1,0,0
MRS12,847,ABLA,NA,NA,NA,NA,NA,,1,1
MRS12,848,ABLA,NA,20.2,22.2,NA,1,1,0,0
MRS12,849,UNKN,NA,NA,NA,NA,NA,,1,1
MRS12,850,ABLA,NA,13.5,14.5,NA,2,1,0,0
MRS12,851,ABLA,NA,12.2,13,NA,2,2,0,0
MRS12,852,UNKN,NA,4.9,NA,NA,NA,,1,1
MRS12,853,PIEN,NA,11,11.5,NA,2,2,0,0
MRS12,854,PIEN,NA,16.7,18.7,NA,1,1,0,0
MRS12,855,PIEN,NA,5,NA,NA,NA,,1,1
MRS12,856,ABLA,NA,10.5,13.7,NA,1,1,0,0
MRS12,857,ABLA,NA,9.8,12.8,NA,1,1,0,0
MRS12,858,ABLA,NA,9,12,NA,2,2,0,0
MRS12,859,ABLA,NA,14.5,16.8,NA,1,1,0,0
MRS12,860,PIEN,NA,NA,NA,NA,NA,,1,1
MRS12,861,PIEN,NA,14.5,16.7,NA,3,2,1,11
MRS12,862,PIEN,NA,7.1,MIA,NA,3,3,0,0
MRS12,863,PIEN,NA,21,24.2,NA,1,1,0,0
MRS12,864,PIEN,NA,14.5,16.1,NA,1,1,0,0
MRS12,865,PIEN,NA,15,15.8,NA,1,1,0,0
MRS12,866,PIEN,NA,6.5,10.6,NA,3,,1,11
MRS12,867,PIEN,NA,6.3,7.2,NA,3,3,0,0
MRS12,868,PIEN,NA,5.1,6.5,NA,3,3,0,0
MRS12,869,ABLA,NA,4,4.5,NA,3,3,0,0
MRS12,870,ABLA,NA,5,5.8,NA,2,2,0,0
MRS12,871,ABLA,NA,8.1,11.1,NA,2,2,0,0
MRS12,872,ABLA,NA,5,5.7,NA,3,3,0,0
MRS12,873,ABLA,NA,13.9,14.7,NA,1,1,0,0
MRS12,874,ABLA,NA,14.1,12.7,NA,2,1,0,0
MRS12,875,ABLA,NA,4.2,NA,NA,NA,,1,1
MRS12,876,ABLA,NA,5.8,6.1,NA,3,3,0,0
MRS12,877,ABLA,NA,NA,NA,NA,NA,,1,1
MRS12,878,ABLA,NA,17,18.5,NA,1,1,0,0
MRS12,879,ABLA,NA,15.4,15.6,NA,1,1,0,0
MRS12,880,UNKN,NA,NA,NA,NA,NA,,1,1
MRS12,881,ABLA,NA,17.3,19.5,NA,1,1,0,0
MRS12,882,ABLA,NA,15.5,17.1,NA,1,1,0,0
MRS12,883,ABLA,NA,9.5,10.3,NA,2,2,0,0
MRS12,884,UNKN,NA,NA,NA,NA,NA,,1,1
MRS12,885,UNKN,NA,NA,NA,NA,NA,,1,1
MRS12,886,UNKN,NA,NA,NA,NA,NA,,1,1
MRS12,887,PIEN,NA,9.2,9.2,NA,3,3,1,11
MRS12,888,ABLA,NA,9,9.6,NA,3,2,0,0
MRS12,889,ABLA,NA,11.3,11.8,NA,1,1,0,0
MRS12,890,ABLA,NA,12,13.1,NA,1,1,0,0
MRS12,891,ABLA,NA,9,10,NA,2,2,0,0
MRS12,892,ABLA,NA,7,9,NA,3,2,0,0
MRS12,893,ABLA,NA,6.7,7.3,NA,3,3,0,0
MRS12,894,ABLA,NA,8.8,9.8,NA,2,2,1,11
MRS12,895,ABLA,NA,11.4,NA,NA,3,,1,10
MRS12,896,PIEN,NA,6.7,10.5,NA,3,2,0,0
MRS12,897,ABLA,NA,NA,NA,NA,NA,,1,1
MRS12,898,PIEN,NA,9.4,13.1,NA,2,2,0,0
MRS12,899,UNKN,NA,NA,NA,NA,NA,,1,1
MRS12,900,ABLA,NA,5.4,6.8,NA,3,2,0,0
MRS12,901,ABLA,NA,8.1,9.3,NA,3,2,0,0
MRS12,902,UNKN,NA,7.7,NA,NA,NA,,1,1
MRS12,903,ABLA,NA,16.4,18.2,NA,1,1,0,0
MRS12,904,ABLA,NA,5.2,6.2,NA,3,3,0,0
MRS12,905,ABLA,NA,6.8,8,NA,2,2,0,0
MRS12,906,ABLA,NA,4.4,5.5,NA,3,3,1,11
MRS12,907,ABLA,NA,4.4,5.1,NA,3,3,0,0
MRS12,908,ABLA,NA,4.8,4.8,NA,3,3,0,0
MRS12,909,ABLA,NA,13.3,14.4,NA,1,1,0,0
MRS12,910,ABLA,NA,4,4.5,NA,3,3,0,0
MRS12,911,ABLA,NA,7,7.9,NA,2,2,0,0
MRS12,912,ABLA,NA,12.6,13.4,NA,1,1,0,0
MRS12,913,ABLA,NA,6.3,7.3,NA,2,2,0,0
MRS12,914,ABLA,NA,8.8,9,NA,2,2,0,0
MRS12,915,ABLA,NA,16.6,17.4,NA,1,1,0,0
MRS12,916,ABLA,NA,8.1,8.6,NA,2,2,0,0
MRS12,917,ABLA,NA,8.9,10.1,NA,2,2,0,0
MRS12,918,PIEN,NA,12.5,15.3,NA,1,1,0,0
MRS12,919,ABLA,NA,6.6,7.3,NA,3,2,0,0
MRS12,920,ABLA,NA,12.4,13.2,NA,1,1,0,0
MRS12,921,ABLA,NA,11.8,12.2,NA,1,1,0,0
MRS12,922,ABLA,NA,14.4,14.5,NA,2,1,0,0
MRS12,923,ABLA,NA,10.8,14.3,NA,1,1,0,0
MRS12,924,ABLA,NA,19,20.1,NA,1,1,0,0
MRS12,925,ABLA,NA,NA,NA,NA,NA,,1,1
MRS12,926,ABLA,NA,11.8,13.3,NA,2,1,0,0
MRS12,927,ABLA,NA,NA,NA,NA,NA,,1,1
MRS12,928,ABLA,NA,19.2,15.5,NA,1,1,0,0
MRS12,929,ABLA,NA,16,MIA,NA,1,,0,0
MRS12,930,ABLA,NA,13.4,12.9,NA,2,2,0,0
MRS12,931,ABLA,NA,13.8,15.2,NA,1,1,0,0
MRS12,932,UNKN,NA,NA,NA,NA,NA,,1,1
MRS12,933,ABLA,NA,9.2,10.2,NA,2,2,0,0
MRS12,934,ABLA,NA,8.8,10.5,NA,3,2,0,0
MRS12,935,UNKN,NA,NA,NA,NA,NA,,1,1
MRS12,936,PIEN,NA,8,12,NA,2,2,0,0
MRS12,937,ABLA,NA,5.3,7,NA,3,3,0,0
MRS12,938,ABLA,NA,10,11.1,NA,1,1,0,0
MRS12,939,ABLA,NA,8.7,10.1,NA,2,2,0,0
MRS12,940,ABLA,NA,7.4,8.6,NA,2,2,0,0
MRS12,941,ABLA,NA,12.8,NA,NA,NA,,1,1
MRS12,942,UNKN,NA,NA,NA,NA,NA,,1,1
MRS12,943,ABLA,NA,13.8,15.7,NA,1,1,0,0
MRS12,944,ABLA,NA,9.9,11.5,NA,2,2,0,0
MRS12,945,ABLA,NA,7.1,8.4,NA,2,2,0,0
MRS12,946,ABLA,NA,17.7,14.8,NA,1,1,0,0
MRS12,947,ABLA,NA,13.4,13.9,NA,3,3,0,0
MRS12,948,ABLA,NA,10.2,10.8,NA,2,2,0,0
MRS12,949,ABLA,NA,8,NA,NA,NA,,1,1
MRS12,950,ABLA,NA,8.1,8.5,NA,2,2,0,0
MRS12,951,ABLA,NA,5.4,6.4,NA,3,3,0,0
MRS12,952,ABLA,NA,5.5,6.3,NA,3,3,0,0
MRS12,953,ABLA,NA,4.3,5.1,NA,3,3,0,0
MRS12,954,ABLA,NA,8.2,8.7,NA,2,2,0,0
MRS12,955,ABLA,NA,16.1,16.5,NA,1,1,0,0
MRS12,956,ABLA,NA,19.2,21,NA,1,1,0,0
MRS12,957,ABLA,NA,14.6,9.1,NA,1,1,0,0
MRS12,958,ABLA,NA,7.9,15.8,NA,2,1,0,0
MRS12,959,ABLA,NA,17.2,18.5,NA,1,1,0,0
MRS12,960,ABLA,NA,NA,NA,NA,NA,,1,1
MRS12,961,ABLA,NA,15.3,16.7,NA,2,2,0,0
MRS12,962,ABLA,NA,9,8.8,NA,3,3,0,0
MRS12,963,ABLA,NA,6.3,7,NA,3,3,0,0
MRS12,964,PIEN,NA,20.2,21.6,NA,1,1,0,0
MRS12,965,ABLA,NA,5.5,6,NA,3,3,0,0
MRS12,966,PIEN,NA,22.1,27.6,NA,1,1,0,0
MRS12,967,PIEN,NA,25.7,27,NA,1,1,0,0
MRS12,968,PIEN,NA,33.5,33.5,NA,1,1,0,0
MRS12,969,PIEN,NA,20.5,22.7,NA,1,1,0,0
MRS12,970,PIEN,NA,8.5,10.1,NA,2,2,0,0
MRS12,971,ABLA,NA,9,9.4,NA,2,2,0,0
MRS12,972,ABLA,NA,5.4,6.5,NA,3,3,0,0
MRS12,973,UNKN,NA,7.5,NA,NA,NA,,1,1
MRS12,974,ABLA,NA,26.7,28.5,NA,1,1,0,0
MRS12,975,ABLA,NA,13,13.7,NA,1,1,0,0
MRS12,976,ABLA,NA,12.1,14.9,NA,2,2,0,0
MRS12,977,ABLA,NA,12.7,13.8,NA,2,2,0,0
MRS12,978,ABLA,NA,16.3,17.2,NA,2,2,0,0
MRS12,979,UNKN,NA,NA,NA,NA,NA,,1,1
MRS12,980,ABLA,NA,19.3,16.3,NA,1,1,0,0
MRS12,981,ABLA,NA,8.7,9.9,NA,2,2,0,0
MRS12,982,ABLA,NA,5.2,6.1,NA,3,3,0,0
MRS12,983,ABLA,NA,15.1,16.1,NA,2,1,0,0
MRS12,984,ABLA,NA,6.4,NA,NA,NA,,1,1
MRS12,985,ABLA,NA,8.5,9.8,NA,2,2,0,0
MRS12,986,PIEN,NA,6,6.9,NA,3,3,0,0
MRS12,987,PIEN,NA,7.3,8.9,NA,3,2,0,0
MRS12,988,PIEN,NA,14.1,15.5,NA,2,1,0,0
MRS12,989,ABLA,NA,4.3,NA,NA,NA,,1,1
MRS12,990,ABLA,NA,8,10,NA,2,2,0,0
MRS12,991,ABLA,NA,9.9,10.2,NA,1,1,0,0
MRS12,992,ABLA,NA,10.5,11.2,NA,1,1,0,0
MRS12,993,ABLA,NA,7.1,7.6,NA,1,3,0,0
MRS12,994,ABLA,NA,6.7,7.3,NA,1,1,0,0
MRS12,995,ABLA,NA,6,6.5,NA,1,2,0,0
MRS12,996,ABLA,NA,11.4,11.7,NA,1,2,0,0
MRS12,997,ABLA,NA,5.6,6,NA,3,3,0,0
MRS12,998,ABLA,NA,8.6,9,NA,1,1,0,0
MRS12,999,ABLA,NA,9.6,10.5,NA,1,1,0,0
MRS12,1000,ABLA,NA,4.7,5.1,NA,3,3,0,0
MRS13,401,PIFL,NA,14.4,15,NA,2,2,0,0
MRS13,402,PIEN,NA,13.5,14.5,NA,2,1,0,0
MRS13,403,PIEN,NA,14.3,15.6,NA,2,1,0,0
MRS13,404,PIEN,NA,5,6.4,NA,3,3,0,0
MRS13,405,PIEN,NA,7.6,9.3,NA,2,2,0,0
MRS13,406,PIEN,NA,6.9,8.8,NA,2,2,0,0
MRS13,407,PIFL,NA,10.3,12.8,NA,2,2,0,0
MRS13,408,PIEN,NA,10.3,11.7,NA,2,1,0,0
MRS13,409,PIEN,NA,7.5,8.9,NA,3,2,0,0
MRS13,410,PIEN,NA,5.9,7.7,NA,3,3,0,0
MRS13,411,PIEN,NA,16.9,17,NA,2,1,0,0
MRS13,412,PIEN,NA,18,19.2,NA,2,1,0,0
MRS13,413,PIEN,NA,7,8,NA,2,2,0,0
MRS13,414,PIFL,NA,13.6,15.3,NA,2,2,0,0
MRS13,415,PIEN,NA,4,4.8,NA,3,3,0,0
MRS13,416,PIEN,NA,4,5,NA,3,3,0,0
MRS13,417,PIEN,NA,6.7,7.8,NA,3,3,0,0
MRS13,418,PIFL,NA,16,18.5,NA,3,2,0,0
MRS13,419,PIFL,NA,16.6,19,NA,2,2,0,0
MRS13,420,PIEN,NA,4.7,6.7,NA,3,3,0,0
MRS13,421,PIEN,NA,6.1,5.8,NA,3,3,0,0
MRS13,422,PIEN,NA,4,5.5,NA,3,3,0,0
MRS13,423,PIFL,NA,6.5,7.6,NA,3,3,0,0
MRS13,424,PIFL,NA,5.6,6.5,NA,3,3,0,0
MRS13,425,ABLA,NA,14.4,17.5,NA,2,1,0,0
MRS13,426,ABLA,NA,11.6,13,NA,2,2,0,0
MRS13,427,ABLA,NA,5.3,6.5,NA,3,3,0,0
MRS13,428,PIEN,NA,7.3,9,NA,2,2,0,0
MRS13,429,PIEN,NA,8.5,10,NA,2,2,0,0
MRS13,430,ABLA,NA,8.5,11.5,NA,2,2,0,0
MRS13,431,PIEN,NA,8.9,10.6,NA,2,1,0,0
MRS13,432,PIEN,NA,8,10.7,NA,2,2,0,0
MRS13,433,PIEN,NA,5.1,6.4,NA,3,3,0,0
MRS13,434,PIEN,NA,7.2,8.8,NA,2,2,0,0
MRS13,435,PIEN,NA,4,5,NA,3,3,0,0
MRS13,436,PIEN,NA,5,6.5,NA,3,3,0,0
MRS13,437,PIEN,NA,8.5,10.5,NA,2,2,0,0
MRS13,438,PIFL,NA,10.7,13.3,NA,2,2,0,0
MRS13,439,PIFL,NA,16.5,MIA,NA,2,NA,0,0
MRS13,440,PIEN,NA,4.2,5.2,NA,3,3,0,0
MRS13,441,PIFL,NA,22.3,23.9,NA,2,2,0,0
MRS13,442,PIEN,NA,5,7.5,NA,3,3,0,0
MRS13,443,PIFL,NA,7.3,8.8,NA,3,3,0,0
MRS13,444,PIFL,NA,26.1,27,NA,2,2,0,0
MRS13,446,PIFL,NA,5.5,7.4,NA,3,,0,0
MRS13,447,PIEN,NA,4.6,6,NA,3,3,0,0
MRS13,448,PIEN,NA,4.4,5.9,NA,2,3,0,0
MRS13,449,PIEN,NA,7.8,9,NA,2,2,0,0
MRS13,450,PIEN,NA,6.2,7.4,NA,2,2,0,0
MRS13,451,PIEN,NA,6.8,8,NA,2,2,0,0
MRS13,452,PIEN,NA,5,7,NA,3,2,0,0
MRS13,453,PIEN,NA,6.7,8.6,NA,2,3,0,0
MRS13,454,ABLA,NA,5.7,7.4,NA,2,2,0,0
MRS13,455,PIEN,NA,11.6,14,NA,2,2,0,0
MRS13,456,PIEN,NA,4.4,5.6,NA,3,2,0,0
MRS13,457,PIEN,NA,25,27,NA,1,3,0,0
MRS13,458,PIEN,NA,6,6.1,NA,3,1,0,0
MRS13,459,PIEN,NA,8.9,11.5,NA,2,3,0,0
MRS13,460,PIEN,NA,5.4,7.1,NA,2,2,0,0
MRS13,461,PIEN,NA,6.1,8,NA,2,2,0,0
MRS13,462,PIEN,NA,7.5,8,NA,2,2,0,0
MRS13,463,PIEN,NA,8.8,10.5,NA,2,2,0,0
MRS13,464,PIEN,NA,7,8.3,NA,2,2,0,0
MRS13,465,PIFL,NA,5.8,7,NA,2,2,0,0
MRS13,466,PIFL,NA,7.1,9.2,NA,2,2,0,0
MRS13,468,PIFL,NA,10.5,12.9,NA,2,2,0,0
MRS13,469,PIEN,NA,6.4,7.7,NA,3,3,0,0
MRS13,470,PIFL,NA,8.7,9,NA,2,2,0,0
MRS13,471,PIEN,NA,6.5,8.3,NA,2,2,0,0
MRS13,472,ABLA,NA,4.4,5.5,NA,3,3,0,0
MRS13,473,PIEN,NA,5.9,7.4,NA,2,2,0,0
MRS13,474,PIEN,NA,4.6,6.5,NA,3,3,0,0
MRS13,475,PIEN,NA,5.6,7.4,NA,3,3,0,0
MRS13,476,PIFL,NA,8.9,9.6,NA,3,3,0,0
MRS13,477,PIFL,NA,19,20.7,NA,2,2,0,0
MRS13,478,PIEN,NA,4.1,4.7,NA,3,3,0,0
MRS13,479,PIEN,NA,6.8,9,NA,2,2,0,0
MRS13,480,PIEN,NA,6,6.8,NA,2,2,0,0
MRS13,481,PIEN,NA,4,MIA,NA,3,3,0,0
MRS13,482,PIEN,NA,12.6,13.2,NA,2,2,0,0
MRS13,483,PIFL,NA,13.3,16.6,NA,2,2,0,0
MRS13,484,PIEN,NA,7.8,8.7,NA,2,2,0,0
MRS13,485,ABLA,NA,6.6,7.8,NA,2,2,0,0
MRS13,486,PIFL,NA,13.2,13.5,NA,2,2,0,0
MRS13,487,PIFL,NA,14.5,15,NA,2,2,0,0
MRS13,488,PIFL,NA,17.4,20.2,NA,3,3,0,0
MRS13,489,PIEN,NA,12.5,13.3,NA,2,2,0,0
MRS13,490,PIEN,NA,11,13.1,NA,2,2,0,0
MRS13,491,PIEN,NA,40.5,44.7,NA,1,1,0,0
MRS13,493,PIFL,NA,13,15,NA,2,2,0,0
MRS13,494,PIFL,NA,7.5,8.7,NA,3,3,0,0
MRS13,495,PIEN,NA,10.1,11.2,NA,2,2,0,0
MRS13,496,PIEN,NA,7.9,9.2,NA,2,2,0,0
MRS13,498,PIEN,NA,4.1,4.7,NA,3,3,0,0
MRS13,499,PICO,NA,18.5,19,NA,2,2,0,0
MRS13,500,PICO,NA,16.5,17.2,NA,2,2,0,0
MRS13,501,PICO,NA,24.7,24.6,NA,2,1,0,0
MRS13,502,PIEN,NA,18.9,20.8,NA,1,1,0,0
MRS13,503,ABLA,NA,4.5,6.4,NA,3,3,0,0
MRS13,504,PIEN,NA,4.3,5.8,NA,3,3,0,0
MRS13,505,PIEN,NA,5.5,7.7,NA,3,3,0,0
MRS13,507,PIEN,NA,30.5,34,NA,1,1,0,0
MRS13,508,PIEN,NA,22.5,23.1,NA,1,1,0,0
MRS13,509,PIEN,NA,8.2,8.8,NA,2,2,0,0
MRS13,510,PIFL,NA,11.4,12.4,NA,2,2,0,0
MRS13,511,PIEN,NA,4.5,6.2,NA,3,3,0,0
MRS13,512,PIEN,NA,8.8,10.1,NA,3,3,0,0
MRS13,513,PIEN,NA,13.5,14.4,NA,3,3,0,0
MRS13,514,PIFL,NA,11.9,12.7,NA,3,3,0,0
MRS13,515,PIFL,NA,11.1,12.8,NA,3,3,0,0
MRS13,516,PIEN,NA,10.5,12.4,NA,3,3,0,0
MRS13,518,PIFL,NA,12,14,NA,3,3,0,0
MRS13,519,PIFL,NA,14,15.4,NA,3,3,0,0
MRS13,520,PIFL,NA,6.9,8.4,NA,3,3,0,0
MRS13,521,PIFL,NA,7.3,9.5,NA,3,3,0,0
MRS13,522,PIFL,NA,6.6,9.9,NA,3,3,0,0
MRS13,523,PIFL,NA,7.2,8.6,NA,3,3,0,0
MRS13,524,PIEN,NA,5.6,6.9,NA,3,3,0,0
MRS13,525,PIFL,NA,5,5.1,NA,3,3,0,0
MRS13,526,PIFL,NA,6.8,8,NA,3,3,0,0
MRS13,527,PIEN,NA,4.3,5.3,NA,3,3,0,0
MRS13,528,PIEN,NA,4.4,6,NA,3,3,0,0
MRS13,529,PIFL,NA,9.9,11.7,NA,3,3,0,0
MRS13,530,PIFL,NA,11.9,11.9,NA,3,3,0,0
MRS13,531,PIEN,NA,4,5.6,NA,3,3,0,0
MRS13,532,PIFL,NA,4.7,4.8,NA,3,3,0,0
MRS13,533,PIEN,NA,4,6,NA,3,3,0,0
MRS13,534,PIEN,NA,5.8,7,NA,3,3,0,0
MRS13,535,PIFL,NA,11.4,12.5,NA,3,3,0,0
MRS13,536,PIFL,NA,18.6,20.5,NA,3,3,0,0
MRS13,538,PIEN,NA,24.5,26,NA,3,3,0,0
MRS13,539,PIEN,NA,14,16.5,NA,3,3,0,0
MRS13,540,PIFL,NA,11.6,12.6,NA,3,3,0,0
MRS13,541,PIFL,NA,11.7,13,NA,3,3,0,0
MRS13,542,PIFL,NA,5.1,MIA,NA,3,3,0,0
MRS13,543,PIFL,NA,12.3,15.4,NA,3,3,0,0
MRS13,544,PIEN,NA,7.3,9.4,NA,3,3,0,0
MRS13,545,PIEN,NA,9.1,10.8,NA,3,3,0,0
MRS13,546,PIEN,NA,4.4,5.5,NA,3,3,0,0
MRS13,547,PIEN,NA,27.5,29.2,NA,3,3,0,0
MRS13,548,PIEN,NA,7.5,9.4,NA,3,3,0,0
MRS13,549,PIFL,NA,5.3,6.3,NA,3,3,0,0
MRS13,550,PIEN,NA,12,14,NA,3,3,0,0
MRS13,551,PIFL,NA,9.3,10.7,NA,3,3,0,0
MRS13,552,PIFL,NA,13.2,16.4,NA,3,3,0,0
MRS13,553,PIFL,NA,8.6,10,NA,3,3,0,0
MRS13,554,ABLA,NA,9.7,6.1,NA,3,3,0,0
MRS13,555,PIFL,NA,9.1,10.3,NA,3,3,0,0
MRS13,556,PIFL,NA,9.9,11.6,NA,3,3,0,0
MRS13,557,PIFL,NA,10.9,11.7,NA,3,3,0,0
MRS13,558,ABLA,NA,10.2,10.9,NA,3,3,0,0
MRS13,559,PIFL,NA,6.1,7.8,NA,3,3,0,0
MRS13,561,PIFL,NA,5.1,6.1,NA,3,3,0,0
MRS13,562,PIEN,NA,6.1,8.2,NA,3,3,0,0
MRS13,563,PIEN,NA,7.3,9,NA,3,3,0,0
MRS13,564,PIEN,NA,7.2,7.9,NA,3,3,0,0
MRS13,565,PIEN,NA,5.5,6.8,NA,3,3,0,0
MRS13,566,PIEN,NA,4.8,5.6,NA,3,3,0,0
MRS13,567,PIFL,NA,14.8,18.1,NA,3,3,0,0
MRS13,568,PIFL,NA,10.5,10.6,NA,3,3,0,0
MRS13,569,ABLA,NA,19,20.6,NA,3,3,0,0
MRS13,570,PIEN,NA,8.6,10.2,NA,3,3,0,0
MRS13,571,PIEN,NA,25.5,28.5,NA,3,3,0,0
MRS13,572,PIEN,NA,5.9,7,NA,3,3,0,0
MRS13,574,PIEN,NA,5.7,7.1,NA,3,3,0,0
MRS13,575,PIEN,NA,7.7,9.3,NA,3,3,0,0
MRS13,576,PIFL,NA,15.9,10.1,NA,3,3,0,0
MRS13,577,ABLA,NA,5.5,8,NA,3,3,0,0
MRS13,578,PIFL,NA,8.8,9.8,NA,3,3,0,0
MRS13,579,PIFL,NA,4.6,4.8,NA,3,3,0,0
MRS13,580,PIFL,NA,4.4,4.6,NA,3,3,0,0
MRS13,581,PIFL,NA,8.6,9.8,NA,3,3,0,0
MRS13,582,ABLA,NA,7.3,8.5,NA,3,3,0,0
MRS13,583,PIEN,NA,4.2,4.9,NA,3,3,0,0
MRS13,584,PIEN,NA,4.7,5.6,NA,3,3,0,0
MRS13,585,PIEN,NA,4.9,5.7,NA,3,3,0,0
MRS13,586,PIEN,NA,8.8,9.9,NA,3,3,0,0
MRS13,587,PIEN,NA,6.2,7.1,NA,3,3,0,0
MRS13,588,PIEN,NA,5.7,7.8,NA,3,3,0,0
MRS13,589,PIEN,NA,4.8,5.2,NA,3,3,0,0
MRS13,590,PIEN,NA,8,8.7,NA,3,3,0,0
MRS13,591,PIEN,NA,10.2,11.3,NA,3,3,0,0
MRS13,592,PIEN,NA,8,9.9,NA,3,3,0,0
MRS13,593,PIEN,NA,6.5,8.3,NA,3,3,0,0
MRS13,594,PICO,NA,23.3,25,NA,3,1,0,0
MRS13,595,PIEN,NA,5.7,7,NA,3,3,0,0
MRS13,596,PIFL,NA,8.8,9,NA,3,3,0,0
MRS13,597,PIEN,NA,4,5,NA,3,3,0,0
MRS13,598,PIFL,NA,9.4,10.5,NA,3,3,0,0
MRS13,599,PIFL,NA,8,9,NA,3,3,0,0
MRS13,600,PIFL,NA,6.5,8,NA,3,3,0,0
MRS13,601,PIFL,NA,10,11.8,NA,3,3,0,0
MRS13,602,PIFL,NA,8.9,10.5,NA,3,3,0,0
MRS13,603,PIFL,NA,9.5,10.5,NA,3,3,0,0
MRS13,604,PIFL,NA,13.1,14.6,NA,3,3,0,0
MRS13,605,PIFL,NA,19.7,17.4,NA,3,3,0,0
MRS13,606,PIFL,NA,14,14.5,NA,3,3,0,0
MRS13,607,PICO,NA,18.7,20,NA,3,3,0,0
MRS13,608,PIEN,NA,7,8.5,NA,3,3,0,0
MRS13,609,PIEN,NA,4,4.8,NA,3,3,0,0
MRS13,610,PIEN,NA,4,5.5,NA,3,3,0,0
MRS13,611,PIEN,NA,4.2,5.6,NA,3,3,0,0
MRS13,612,PICO,NA,9,10.7,NA,3,3,0,0
MRS13,613,PIEN,NA,17.1,18.1,NA,3,3,0,0
MRS13,614,PIEN,NA,16.8,21.2,NA,3,3,0,0
MRS13,615,PIFL,NA,13.4,15,NA,3,3,0,0
MRS13,616,PIFL,NA,10,13.1,NA,3,3,0,0
MRS13,617,PIFL,NA,7.2,7.9,NA,3,3,0,0
MRS13,618,PIFL,NA,14.7,15.5,NA,3,3,0,0
MRS13,619,PIFL,NA,13.3,14.4,NA,3,3,0,0
MRS13,620,PIEN,NA,5.1,6.5,NA,3,3,0,0
MRS13,621,PIEN,NA,4,4.4,NA,3,3,0,0
MRS13,623,PIFL,NA,14.4,14.5,NA,3,3,0,0
MRS13,624,PICO,NA,4.2,5.9,NA,3,3,0,0
MRS13,625,PICO,NA,4.5,8,NA,3,3,0,0
MRS13,626,PIEN,NA,6.9,8.4,NA,3,3,0,0
MRS13,627,PIEN,NA,7.7,9,NA,3,3,0,0
MRS13,628,PIEN,NA,7.5,8.8,NA,3,3,0,0
MRS13,629,PIEN,NA,10.9,12,NA,3,3,0,0
MRS13,630,PIEN,NA,7.8,9.4,NA,3,3,0,0
MRS13,631,ABLA,NA,6.4,8.5,NA,3,3,0,0
MRS13,632,PIFL,NA,14.9,14.9,NA,3,3,0,0
MRS13,633,PIEN,NA,19.4,21.5,NA,3,3,0,0
MRS13,634,PIEN,NA,6.5,9.4,NA,3,3,0,0
MRS13,635,PIEN,NA,6.1,8,NA,3,3,0,0
MRS13,636,PIEN,NA,6,7.7,NA,3,3,0,0
MRS13,637,PIFL,NA,9.2,9.5,NA,3,3,0,0
MRS13,638,PIFL,NA,8.2,10.5,NA,3,3,0,0
MRS13,639,PIEN,NA,8.4,11.5,NA,3,3,0,0
MRS13,640,PIEN,NA,9.8,12.1,NA,3,3,0,0
MRS13,641,PIFL,NA,12.9,16.4,NA,3,3,0,0
MRS13,642,PIEN,NA,4.1,5.9,NA,3,3,0,0
MRS13,643,PIEN,NA,7.2,9.4,NA,3,3,0,0
MRS13,644,PIEN,NA,6.5,7.9,NA,3,3,0,0
MRS13,645,PIEN,NA,4.3,4.6,NA,3,3,0,0
MRS13,646,PIEN,NA,5.8,6.5,NA,3,3,0,0
MRS13,647,PIEN,NA,4.2,4.6,NA,3,3,0,0
MRS13,648,PIEN,NA,6.1,5.7,NA,3,3,0,0
MRS13,649,PIEN,NA,15,15.7,NA,3,3,0,0
MRS13,650,PIEN,NA,13.3,14.5,NA,3,3,0,0
MRS13,651,PIEN,NA,6.2,8,NA,3,3,0,0
MRS13,652,PIEN,NA,7.5,14,NA,3,3,0,0
MRS13,653,PIEN,NA,4.3,6,NA,3,3,0,0
MRS13,654,PIFL,NA,7.5,7.9,NA,3,3,0,0
MRS13,655,PIFL,NA,9.1,8.5,NA,3,3,0,0
MRS13,656,PIFL,NA,9.6,11,NA,3,3,0,0
MRS13,657,PIEN,NA,7.3,8,NA,3,3,0,0
MRS13,658,PIFL,NA,9.5,10.5,NA,3,3,0,0
MRS13,659,PIFL,NA,8,5.5,NA,3,3,0,0
MRS13,660,PIEN,NA,4.5,5.5,NA,3,3,0,0
MRS13,661,PIEN,NA,10.1,12.5,NA,3,3,0,0
MRS13,662,PIEN,NA,6.7,7.8,NA,3,3,0,0
MRS13,663,PIEN,NA,9.7,11.5,NA,3,3,0,0
MRS13,664,PIFL,NA,8.9,10.9,NA,3,3,0,0
MRS13,665,PIFL,NA,10.8,14.5,NA,3,3,0,0
MRS13,666,PIFL,NA,24.5,26,NA,3,3,0,0
MRS13,667,PIFL,NA,6.6,7.6,NA,3,3,0,0
MRS13,668,PIFL,NA,11.4,13,NA,3,3,0,0
MRS13,669,PIFL,NA,7,8.5,NA,3,3,0,0
MRS13,670,PIFL,NA,13.4,15.9,NA,3,3,0,0
MRS13,671,PIFL,NA,12.4,15,NA,3,3,0,0
MRS13,672,PIFL,NA,13.7,15.6,NA,3,3,0,0
MRS13,673,PIEN,NA,10.2,12.4,NA,3,3,0,0
MRS13,674,ABLA,NA,10.5,11,NA,3,3,0,0
MRS13,675,PIEN,NA,5.4,6,NA,3,3,0,0
MRS13,676,PIEN,NA,4.8,5.8,NA,3,3,0,0
MRS13,677,PIEN,NA,24.1,24.9,NA,3,3,0,0
MRS13,678,PIEN,NA,15.2,16.5,NA,3,3,0,0
MRS13,679,PIEN,NA,5.3,6.8,NA,3,3,0,0
MRS13,680,PIFL,NA,17.6,19,NA,3,3,0,0
MRS13,681,PIFL,NA,16.5,17.8,NA,3,3,0,0
MRS13,682,PIFL,NA,7.7,10,NA,3,3,0,0
MRS13,683,PIFL,NA,8,7.5,NA,3,3,0,0
MRS13,684,PIEN,NA,4,6,NA,3,3,0,0
MRS13,685,PIEN,NA,20,21.5,NA,3,3,0,0
MRS13,686,PIFL,NA,14.7,16.4,NA,3,3,0,0
MRS13,687,PIFL,NA,8.5,9.5,NA,3,3,0,0
MRS13,688,PIFL,NA,14.2,15,NA,3,3,0,0
MRS13,689,PIFL,NA,14.2,15.3,NA,3,3,0,0
MRS13,690,PIFL,NA,17.9,20.2,NA,3,3,0,0
MRS13,691,PIEN,NA,4.7,6.4,NA,3,3,0,0
MRS13,692,PIEN,NA,9.9,12.4,NA,3,3,0,0
MRS13,693,ABLA,NA,4,5.6,NA,3,3,0,0
MRS13,694,PIEN,NA,7.5,8.5,NA,3,3,0,0
MRS13,695,PIEN,NA,6.3,8.2,NA,3,3,0,0
MRS13,696,PIFL,NA,13.6,15.2,NA,3,3,0,0
MRS13,697,PIFL,NA,15.7,17.8,NA,3,3,0,0
MRS13,698,PIFL,NA,14.8,16,NA,3,3,0,0
MRS13,699,PIFL,NA,15.6,18.8,NA,3,3,0,0
MRS13,700,PIFL,NA,14,MIA,NA,3,3,0,0
MRS13,701,PIEN,NA,5.2,6.9,NA,3,3,0,0
MRS13,702,PIEN,NA,4.7,6.4,NA,3,3,0,0
MRS13,703,PIEN,NA,26.7,29,NA,3,3,0,0
MRS13,704,PIEN,NA,10.8,11,NA,3,3,0,0
MRS13,705,PIFL,NA,6.4,MIA,NA,3,3,0,0
MRS13,445,UNKN,NA,20.3,,NA,3,3,1,1
MRS13,492,UNKN,NA,9,,NA,3,3,1,1
MRS13,497,UNKN,NA,22.3,,NA,3,3,1,1
MRS13,506,UNKN,NA,30.5,,NA,3,3,1,1
MRS13,517,UNKN,NA,16.5,,NA,3,3,1,1
MRS13,537,UNKN,NA,29.9,,NA,3,3,1,1
MRS13,560,UNKN,NA,26.4,,NA,3,3,1,1
MRS13,573,UNKN,NA,18.5,,NA,3,3,1,1
MRS13,622,UNKN,NA,28.5,,NA,3,3,1,1
MRS13,467,,NA,,,NA,,,,
